"","taxa_id","seq"
"1","OTU00001","ATCCGCGGTTAGACCAAAAGATTAAGTTATATGAATAGGTAAAAAGATAGTTAAGTAAGAAGAAAAGTTTAATGATTTTTTATAGAAAGGTAAAATTTGGATATAAAAAGCTAATTTTTTTTAAGCTACAATGCTGAAGCTATGATAATTTTGAGG"
"2","OTU00002","CACCGCGGTTATACGGGAGGCCCAAGTTGCTAGGAGTCGGCGTAAAGGGTGGTTAAGAACAAAACTAAAATTAAAGTCGAACATCTTCCGAGCTGTTATACGCATCCGAAGGTAAGAAGCTCAAATGCGAAAGTAGCTTTATATCTTCTGAATCCACGAAAGCTGAGATA"
"3","OTU00003","CACCGATACGACAGGCCCAAGTTGACTTAGCCCGGCGTAAAGAGTGGTTATTTGAATTAAGATCTAAAGCCGAATTTCGACGCAGCTGTTATACGGGTTCTGGATTCAGAATGCCCGATACGAAAGTAGCTTTACCAGTGCGATTAGAACCCACGAAAGCTAAGAAA"
"4","OTU00004","CACCGCGGTTAGACGAGAGGCCCTAGTTGATATTACAACGGCGTAAAGGGTGGTTAAGGATAAACAAAAATAAAGTCAAATGGCCCCTTGGCCGTCATACGCTTCTAGGCGTCCGAAGCCCTAATACGAAAGTAACTTTAATAAACCCACCTGACCCCACGAAAGCTGAGAAA"
"5","OTU00005","CACCGCGGTTATACGGTAGGCCCAAGTTGCTAGGAGTCGGCGTAAAGGGTGGTTAAGAACAAAACTAAAATTAAAGTCGAACATCTTCCGAGCTGTTATACGCATCCGAAGGTAAGAAGCTCAAATGCGAAAGTAGCTTTATATCTTCTGAATCCACGAAAGCTGAGATA"
"6","OTU00006","CACCGCGGCTATACGAGAGACCCAAGTTGATACCATTCGGCGTAAAGAGTGGTTATGGAAAATAAAGACTAAAGCCGCACACCTTCAAAGCTGTTATACGCATCCGAAGGCTAGAAGATCAACCACGAAGGTAGCTTTACAACCCCTGACCCCACGAAAGCTCTGGCA"
"7","OTU00007","CACCGCGGTTATACGAGAGGCCCAAGCTGACAGCCCTTCGGCGTAAAGCGTGGTTAGAATAGAAAGATAAATTAAAGCCGAATGCTCCCTAAGCTGTTATACGCTCTCGAGAGCTAGAAGATCTTTTACGAAAGTAGCTTTATTACATTGAATCCACGAAAGCTAAGATA"
"8","OTU00008","CACCGCGGCTATACGAGAGGCCCAAGTTGATACCATTCGGCGTAAAGAGTGGTTATGGAAAATAAAAACTAAAGCCGCACGCCTTCAAAGCTGTTATACGCATCCGAAGGTTAGAAGATCAATCACGAAGGTAGCTTTACAACCCCTGACCCCACGAAAGCTCTGGCA"
"9","OTU00009","CACCGCGGTCACACGATTAACCAAAGTCAATAGAAGCCGGCGTAAAGAGTGTTTTAGATCACCCCCTCCCCAATAAAGCTAAAACTCACCTGAGTTGTAAAAAACTCCAGTTGACACAAAATAGACTACGAAAGTGGCTTTAACATATCTGAACACACAATAGCTAAGACC"
"10","OTU00010","CACCGCGGTCATACAAGAAGCCCAAATTAACCGTCACCCGGCGTAAAGAGTGGTAACTTACTATTATCTAACTAGGATCAAAGTACAACTAAGCTGTCATAAGCCCATGATGTACCTAAAACCACCCTAAAAACGATCCTAGCACTAACGATCAACTAAACACCACGAAAGCCAAGACA"
"11","OTU00011","CACCGCGGTCATACAAGAGACCCAAATCAACTGTCCCATACAAGCGGCGTAAAGAGTGGTAAAATGCCTATCCTATCCAACTAAGATCAAAATGCAGCCAAGCTGTCGCAAGCACAAGATGCACCTAAACACACCATAAAGATGATCTTAGCAACTAGCGATCGATTTAAGCCCACGAAAGCCAGGGCC"
"12","OTU00012","CACCGCGGTCATACAAGAGACCCAAATCAACTGTTCCACACAAGCGGCGTAAAGAGTGGTAATATGCCTATCCTATCTAACTAAGATCAAAATGCAACTAAGCTGTCGCAAGCACAAGATGCACCTAAACACACCATCAAGATGATCTTAGCAACTAGCGATCGATTTAAACCCACGAAAGCCAGGGCC"
"13","OTU00013","CACCGCGGTCATACAGGAGACTCAAATTAACAGTATAACGGCGTAAAGGGTGGTAACATGCTATCTAAGTAACTAAGATTAAAAAGCAACTGAGCTGTAATAAGCCCAAGATGCTCATAAGGCCAACTACCAAAGAAGATCTTAGGCTGACGATTAATTGAAATCCACGAAAGCCAGGGCC"
"14","OTU00014","CACCGCGGTCATACGATTAACCCTGATTAATAAACCCCGGCGTAAAGAGTATTAAAGATACAATAAAAATAAGATTAAATTTCATCTGGGTCGTAAAAAACTATAGATAAAAATAAAATCGATAACGAAGGTAATCTTAATATATCAGAATATACTAAAGCTAAGACA"
"15","OTU00015","CACCGCGGTCATACGATTAACCCAAACTAATTATCTTCGGCGTAAAACGTGTCAACTATAAATAAATAAATAGAATTAAAATCCAACTTATATGTGAAAATTCATTGTTAGGACCTAAACTCAATAACGAAAGTAATTCTAGTCATTTATAATACACGACAGCTAAGACC"
"16","OTU00016","CACCGCGGTCATACGATTAACCCAAATTAATAGATCCACGGCGTAAAGAGTGTTTAAGAAAAAAAAACCACAATAGAGTTAAATTATAACTAAGCTGTAAAAAGCCCTAGTTAAAATAAAATAACCCACGAAAGTGACTCTAATAATCCTGACACACGATAGCTAGGACC"
"17","OTU00017","CACCGCGGTCATACGATTAGGCCAAACTAATAGACACCCGGCGTAAAGCGTGTTTTAGAGTTAAAGACAAAAATAAAATTAAGCCCTAACTAAGCTGTAAAAAGCCCCAGCTACTGTAAAATACATAACGAAAGTAATTTTAAAAATTCTGATTACACGATAGCTAAGACC"
"18","OTU00018","CACCGCGGTTAAACGAGAAGCTCAAGTTGACAAGCAACGGCACAAAGCGTGGTTAGGGACTAATCTTAAACTAAAGCCAAACCATTTCAGAGCCGTTATACGCATACGAAAACATGAAGCCCAACAACGAAAGTGGCTTTACCCACCCTGAACCCACGAAAGCTAAGAAA"
"19","OTU00019","CACCGCGGTTAAACGAGAGGCCCAAGTTGATAACACCACGGCGTAAAGGGTGGTTAAGGAAAGCAGCATAATAAAGCCAAATGGCCCTTTGGCCGTCATACGCTTCTAGGTGTCCGAAGCCCAACCACACGAAAGTAGCTTTAATAAAGCCCACCTGACCCCACGAAAGCTGAGAAA"
"20","OTU00020","CACCGCGGTTAAACGAGAGGCCCCAGTTGACAATACAACGGCGTAAAGGGTGGTTAGGGAGTGCAAAACAATAAAGCCAAATGGCCCCTTGGCCGTCATACGCTTCTAGGTGCCCGAAGCCCAATATACGAAAGTAGCTTTAAAAAGCCCACCTGACGCCACGAAAGCTGAGAAA"
"21","OTU00021","CACCGCGGTTAAACGAGAGGCCCTAGTTAATAGTATTACGGCGTAAAGGGTGGTTAAGGAGAGCAATACAATAAAGCCAAATGGCCCTTTGGCCGTCATACGCTTCTAGGTGTCCGAAGCCCAACCACACGAAAGTAGCTTTAACAAAATCCACCTGACCCCACGAAAGCTAAGAAA"
"22","OTU00022","CACCGCGGTTAAACGAGAGGCCCTAGTTGATAATATTACGGCGTAAAGGGTGGTTAAGGAAAACAAATTAATAAAGCCAAATGGCCCTTTGGCCGTCATACGCTCCTAGGTGTCCGAAGCCCAATTTTACGAAAGTAGCTTTAACAAAATTAACCTGACCCCACGAGAGCTGAGAAA"
"23","OTU00023","CACCGCGGTTAAACGAGAGGCCCTAGTTGATATTATTACGGCGTAAAGGGTGGTTAAGGAAAGCACAACAATAAAGCCGAATGGCCCTCTGGCCGTCATACGCTTCCAGGTATCCGAAGTCCAACTCACGAAAGTAGCTTTAATACAGCCCACCTGACCCCACGAAAGCTGAGAAA"
"24","OTU00024","CACCGCGGTTAAACGAGGGGCCCCAGTTGATAACACCACGGCGTAAAGGGTGGTTAAGGGAGCAGCATGATAAAGCCGAATGGCCCTTTGGCCGTCATACGCTTCTAGGTGTCCGAAGCCCAATCACACGAAAGTAGCTTTAATAAAGCCCACCTGACCCCACGAAAGCTGAGAAA"
"25","OTU00025","CACCGCGGTTATACGAGAGACCCAAGTCGATGGCCCTCGGCGTAAAGAGTGGTTAGGAGACATCCCAAAACTAAAGGTGAATAACTTCAAAGCTGTTATACGCTCATGAAGTCAAGAAACTCAACTACGAAAGTGACTTTATGGATTCTGAACCCACGAAAGCTATGGCA"
"26","OTU00026","CACCGCGGTTACACGAGAGACCCAAGTTGATTTCCCCCGGCGTAAAGCGTGGTTATGATTAATAACTTACTAAAGTCGAATATTTCCAAAACTGTGATAAGTAATTGGAGATAAGAAGCTCAACTACGAAAGTGACTTTACAACCCTGAAGCCACGAAAGCTAAGACA"
"27","OTU00027","CACCGCGGTTATACGAGAGGCCCAAGTTGATAAACGCCGGCGTAAAACGTGGTTCGTGCACTACGATACTAAAGCTTAACATCTTCAACGCTGTTATACGCATTCGAAGCCAGGAAGCCCTCCAACGAAAGTAGCTTTACATGACACTACTCCACGAAAGCTAGGAAA"
"28","OTU00028","CACCGCGGTTATACGAGGGGCCCAAGTTGATAGGGTTCGGCGTAAAGGGTGGTTAATAGAACATATACTAAAGCCGAACGCCTTCGGAGCTGTTATAAGCTTCTGGAGAAAGGAAGCCCTTCCACGAAAGTGCCTTTAAACACTATGACCCCACGAAAGCTAGGGCA"
"29","OTU00029","CACCGCGGTTAGACGAATGACCCAAGTTGACAGAATACGGCGTAAAGGGTGGTTAGGGAATATTAATACTAAAGCCGAACACCTTCCAAGCTGTTATACGCTTATGAAGAACTGAAGCACAACTACGAAAGTGGCTTTAAAACACCTGAACCCACGAAAGCTAAGAAA"
"30","OTU00030","CACCGCGGTTAGACGACAGGCCCTAGTTGAGCCACACCCGGCGTAAAGGGTGGTTAGGACGGGCGACGTTTAAAGTCAAAGAAGCTCCATGCCGTTATACGATGGTTAGTTCCGGAACGGCAGGAACGAAAGTAACTTTATAAGTGTATGCCGAACCCACGAAAGCTGAGAAA"
"31","OTU00031","CACCGCGGTTAGACGACAGGCCCTAGTTGAGCCACACCCGGCGTAAAGGGTGGTTAGGACGGGCGACGTTTAAAGTCAAAGAAGCTCCATGCCGTTATACGATGGTTAGTTCCGGAACGGCAGGAACGAAAGTAACTTTATAAGTGTATGTCAAACTCACGAAAGCTGAGAAA"
"32","OTU00032","CACCGCGGTTAGACGAGAGGCCCCAGTTAATAGTATTACGGCGTAAGGGGTGGTTAAGGAGAACAAGATAATAAAGCCAAATGGCCCCTTGGCCGTCATACGCTTCTGGGTGTCCGAAGCCCAATATACGAAAGTAGCTTTAGTAAACCCACCTGACCCCACGAAAACTGAGAAA"
"33","OTU00033","CACCGCGGTTAGACGAGAGGCCCTAGTTGATATTACAACGGCGTAAAGGGTGGTTAAGGATAAACAAAAATAAAGTCAAATGGCCCCTTGGCCGTCATACGCTTCTAGGAGTCCGAAGCCCTAATACGAAAGTAACTTTAATAAACCCACCTGACCCCACGAAAGCTGAGAAA"
"34","OTU00034","CACCGCGGTTAGACGAGAGGCCCTAGTTGATATTACAACGGCGTAAAGGGTGGTTAAGGATAGACAAAAATAAAGTCAAATGGCCCCTTGGCCGTCATACGCTTCTAGGAGCCCGAAGCCCTAATACGAAAGTAACTTTAATAAACCCACCTGACCCCACGAAAGCTGAGAAA"
"35","OTU00035","CACCGCGGTTAGACGAGAGGCCTAAGTTGATAAACACCGGCGTAAAGAGTGGTTAGGAAATAACCTAGAACTAAAGCCAAATATTCTCATAGCTGTTATACGCACCCGAGAATAAGAAGCCCCCTTACGAAGGTAGCTTTAATTTATCCGACTCCACGAAAGCTGTGAAA"
"36","OTU00036","CACCGCGGTTAGACGAGAGGCTCAAGTTGATAAACAATCGGCGTAAAGAGTGGTTATGGAAACTACGAAACTAAAGCCAAATGCCCCCAAGGCTGTTATACGCACCCGGAGGCCAGAAGCCCAACCACGAAAGTGGCTTTATGTTACCTGAATCCACGAAAGCTATGGAA"
"37","OTU00037","CACCGCGGTTATACGACAGGCCCAAGTTGATCTTGAACGGCGTAAAGAGTGGTTAGATTTCCCTACTGCTAAAGCCGAAGCACCGCCGTGCTGTTATACGTGCCTCACAGTGAGAAGGGCGAAAACGAAAGTAGCTTTATTTCCGTCACGCGAACCCACGAAAGCTAAGAAA"
"38","OTU00038","CACCGCGGTTATACACGAGGCCCAAGTTACTAGGAGTCGGCGTAAAGGGTGGTTAAGAACAAAACTAAAATTAAAGTCGAACATCTTCCGAGCTGTTATACGCATCCGAAGGTAAGAAGCTCAAATGCGAAAGTAGCTTTATATCTTCTGAATCCACGAAAGCTGAGATA"
"39","OTU00039","CACCGCGGTTATACATAAAGACCTAGCCAATAAACCCACGGTAAAAATTGTGGTACGGGAATCGTACCAAATGAAATAAAAGTAAACTTTGGCAGTAACAAGCTAACAGCCCCCAAATTACAAAAAACATGTACCTAATCTCAGCCCGCCCCCAAACCACCAAAGCTCCAAGA"
"40","OTU00040","CACCGCGGTTATACATAAGGTCCTAGTTAAGAATTAGCGGTAAAAAGGTGATAAAACCAAACCTGGGGACAACACTAACTCTAGCAGTAATAAGCTTACAGAACACTTAGAACAACAAAAACATTAACCCCAGCTTTTATAGACCATCACTAAAGCTCAAAAA"
"41","OTU00041","CACCGCGGTTATACGAAAGACCCAAGCTGATAGATGCCGGCGTAAAGAGTGGTTAAGTATCTTGATAGAACTAAAGCCGAACGCCCTCAAGACCGTTATACGTTTCCGAAGGTATGAAGCCCAACCACGAAAGTAACTTTAATTATATCCAACAGCACGAAAGCTGTGAAA"
"42","OTU00042","CACCGCGGTTATACGAAAGACCCAAGCTGATAGATGCCGGCGTAAAGAGTGGTTAAGTATCTTGATAGAACTAAAGCCGAACGCCCTCAAGACCGTTATACGTTTCCGAAGGTATGAAGCCCAACCACGAAAGTAACTTTAATTATATCCGACTCCACGAAAGCTGTGAAA"
"43","OTU00043","CACCGCGGTTATACGAAAGACCCTAGTTAATAGACACGGCGTAAAGGGTGGTTAAGGAATATAATAAATAAAGCTAAAGACCCTCTAAGCCGTTATACGCACTCCGAGGATACGAAGCCCAAACACGAAAGTAGCTTTAAACCCCTCCTGACCCCACAAAAGCTAAGAAA"
"44","OTU00044","CACCGCGGTTATACGAAAGACCCTAGTTGATACTCACGGCGTAAAGGGTGGTTAAGGGTAATACACAATAAAGCCAAAGATCTTCTAAGCCGTTATACGCACCCCGAAAGTCACGAGGCCCAAATACGAAAGTAGCTTTAAAACAAGCCTGACCCCACGAAAGCTAAGAAA"
"45","OTU00045","CACCGCGGTTATACGAAGAGTGGTTATTTGAATTAAGATCTAAAGCCGAATTTCGACGCAGCTGTTATACGGGTTCTGGATTCAGAATGCCCGATACGAAAGTAGCTTTACCAGTGCGATTAGAACCCACGAAAGCTAAGAAACAAACTAAAATTAGATACCCCACTATG"
"46","OTU00046","CACCGCGGTTATACGACAGGCCCAAGTTGACGTACTACGGCGTAAAGAGTGGTTACGTGTCGCACCTGGTAAAGCCGAAGCCCCTCTAGGCTGTTATACGAGACAGAATCGGCGAAGCTCGCGCACGAAAGTAGCTTTAGCGGAGATATGCGAACCCACGAAAGCTAAGAAA"
"47","OTU00047","CACCGCGGTTATACGACAGGCCCAAGTTGACTGGTGTCGGCGTAAAGAGTGGTTAACTAACGATCATTATAAAGCCGAAATTCCCCTAAGCTGTTATACGTCAAATCAAAAAGGAATCGCTGGTACGAAAGTAGCTTTAGTTATGATGCATGAACCCACGAAAGCTAAGAAA"
"48","OTU00048","CACCGCGGTTATACGACAGGCCCAAGTTGACTTAGCCCGGCGTAAAGAGTGGTTATTTGAATTAAGATCTAAAGCCGAATTTCGACGCAGCTGTTATACGGGTTCTGGATTCAGAATGCCCGATACGAAAGTAGCTTTACCAGTGCGATTAGAACCCACGAAAGCTAAGAAA"
"49","OTU00049","CACCGCGGTTATACGACAGGCCCAAGTTGATATCCCACGGCGTAAAGAGTGGTTAGAACCGGAAACGCGTAAAGCCGAAGAACATCAGTGCTGTTATACGCATTCGATTAGGTGAATTTCAGTAACGAAAGTAGCTTTACCGATCAAATCCGAACCCACGAAAGCTAAGAAA"
"50","OTU00050","CACCGCGGTTATACGACAGGCCCAAGTTGATCTTGAACGGCGTAAAGAGTGGTTAGATTTCCCTACTGCTAAAGCCGAAGCACCGCCGTGCTGTTATACGTGCCTCACAGTGAGAAGGGCGAAAACGAAAGTACCACGAAAGCTAAGAAA"
"51","OTU00051","CACCGCGGTTATACGACAGGCTAAAGAGTGGTTACGTGTCGCACCTGGTAAAGCCGAAGCCCCTCTAGGCTGTTATACGAGACAGAATCGGCGAAGCTCGCGCACGAAAGTAGCTTTAGCGGAGATATGCGAACCCACGAAAGCTAAGAAA"
"52","OTU00052","CACCGCGGTTATACGAGAAACTCAAATTAATAAACCCGGCTCAAAGGGTGGTTAAACAAACAAATTAAATAAGGCTAAAAACTAACCCCGCTGTCGCACGCAATAGTTAAAATAAACACAATTTCGAAAGTAACCTTACCAAAATAAGCTTGAACCCACGACAACTAGGAAA"
"53","OTU00053","CACCGCGGTTATACGAGAGACCCAAATTGACAGTACCCGGCATAAAGTGTGGTTAAGAAATAAACACAATAAGGCCAAACTCTTTCAAGGCTGTTATACGCAACCGAAAGAAAGAAGATCAACAACGAAAGTGACCTTAGCCCAACCTGAACCCACGAAAGCTAGGAAA"
"54","OTU00054","CACCGCGGTTATACGAGAGACCCAAATTGATCAACAGCGGCGTAAAGGGTGGTTAAACTAATTACTATTAGAGCCAAATTCTCCCCTGACTGTTATACGTTACGGGATGAAGAAGAACTAAAACGAAAGTAGCTTTAAAATTTTGAATCCACGAAAGCTAGGACA"
"55","OTU00055","CACCGCGGTTATACGAGAGACCCAAATTGATTGACAACGGCGTAAAGGGTGGTTAAAATATATTCTACTAGGGCCGAACTAGTCCCTGACTGTTATACGTTACGGAATAAAGAAGAACTTAAACGAAGGTAGCCCTAAAATTTTGAAGCCACGAAAGCTAGGAAA"
"56","OTU00056","CACCGCGGTTATACGAGAGACCCAAGTTGTTAGCCAACGGCGTAAAGGGTGGTTAGAACTATAAACAACAAACTGAGACCGAACACCTTCAAGGCTGTTATACGCTTCCGAAGCAACGAAGAACAATAACGAAAGTAGCCTCACTAACTCGAACCCACGAAAGCTAGGGCA"
"57","OTU00057","CACCGCGGTTATACGAGAGACCCAAGTCGATGGTCGTCGGCGTAAAGAGTGGTTAAGAGATAAGAAAACTAAAGCCAAACGACTTCAAAGCTGTTATACGCACATGAAAGCACTGAGGCCCTACCACGAAAGTGGCTTTAATTACCTGAACCCACGAAAGCTATGATA"
"58","OTU00058","CACCGCGGTTATACGAGAGACCCAAGTTGAATTGAGTCGGCGTAAAGGGTGGTTAACGCGTCTAGCGTCATGATGAGACCGAATGTCCTCCTCGCTGTTATACGTGTAATGATTTCCGAACCTCTTAAACGAAAGTAGCCTCACTAACTCGAACCCACGAAAGCTAGGACA"
"59","OTU00059","CACCGCGGTTATACGAGAGACCCAAGTTGATAAGCCCGGCGTAAAGAGTGGTTATGGATAACACAAAACTAAAGCTAAAGACCCCCTAGGCTGTTATACGCACCTGGCGGCTCGAGTCACCAACACGAAAGTAGCTTTACCCCCTCCCACCAGAACCCACGACAGCTGGGGCA"
"60","OTU00060","CACCGCGGTTATACGAGAGACCCAAGTTGATAGACAGCGGCGTAAAGAGTGGTTAAGAACTAAACCAAAAACTAAAGCCGAACGCTCTCAAAGCTGTTATACGCACTCGAGAGTATGAAGTTCAACTACGAAAGTGGCTTTACCCCCTCTGAACCCACGAAAGCTAGGACA"
"61","OTU00061","CACCGCGGTTATACGAGAGACCCAAGTTGATAGCCTTCGGCGTAAAGAGTGGTTAAGATTTTCACCTGACTAAAGCCGAACGACTTCAAAGCTGTTATACGCATATGAATAAATGAAACTCAATTACGAAAGTGGCTTTACCTTTCCTGACTCCACGAAAGCTAAGATA"
"62","OTU00062","CACCGCGGTTATACGAGAGACCCAAGTTGTTAGCCAACGGCGTAAAGGGTGGTTAGAACTATAAACAACAAACTGAGACCGAACACCTTCAAGGCTGTTATACGCTTCCGAAGCAACGAAGAACAATAACGAAAGTAGCCTCACTAACTCGAACTCACGAAAGCTAGAGCA"
"63","OTU00063","CACCGCGGTTATACGAGAGACCCAAGTTGTTAGCCAACGGCGTAAAGGGTGGTTAGAACTATAAACAACAAACTGAGACCGAACACCTTCAAGGCTGTTATACGCTTCCGAAGCAACGAAGAACAATAACGAAAGTAGCCTCACTTACTCGAACCCACGAAAGCTAGGGCA"
"64","OTU00064","CACCGCGGTTATACGAGAGACCCAAGTTGTTAAATCACGGCGTAAAGAGTGGTTAAAATGTATTAAAAAATAGAGCCGAACACTTACAAAGTTGTTATAAGCACACGAAATTAAGAAGCCCAATCACGAAAGTGGCTTTATATAATTTGAACCCACGTAAGCTAGGACA"
"65","OTU00065","CACCGCGGTTATACGAGAGACCCTAGTTGAGGGTTTCGGCGTAAAGAGTGGTTATGCTGGCGTATCATTTAAAGCAGAATGAGTGCGCCACTGTTATACGGCGCCGATAAATCGAATACCGTTGACGAAAGTGACTTTACAGGGGCCACCTGGAAGCCACGAAAGCTGGGACA"
"66","OTU00066","CACCGCGGTTATACGAGAGACCCTAGTTGATTGAAGCGGCGTAAAGAGTGGTTATGGAATTTTCTACCCTAAAGCAGAAAACCTCTCAAACTGTTATACGCACCCAGAGGTTGAAACCCCTTACACGAAAGTGACTTTATTTTCGCCTACCAGAAGCCACGAAAGCTGGGACA"
"67","OTU00067","CACCGCGGTTATACGAGAGACTCAAGCTGATAGACACCGGCGTAAAGAGTGGTTAAAAAACAGTAAAACTAAAGCTAAACACCTTCAAGGCCGTTATACGCAACCGAAGACAGGAGAAACCCCCACGAAAGTGGCTTTAAAACCATTGAACCCACGAAGATTAGGATA"
"68","OTU00068","CACCGCGGTTATACGAGAGACTCAAGCTGTTAGACACCGGCGTAAAGAGTGGTTAAGAGCACAGACAAATTAAAGTCTAATACTCCCTCAGCTGTAAAAAGCAAAAGGGGGCTAGAAGCTCATCAACGAAAGTGACTTTATTAATTCTGAACCCACGTAAGCTAAGGCA"
"69","OTU00069","CACCGCGGTTATACGAGAGGCCCAAGCTGACAACCATCGGCGTAAAGCGTGGTTAAATTTTCTAATAAAATAAAGCCGAATGCTTTCTTAACTGTTATACGTACTCGAGAGCCAGAAGCCCCCCTACGAAAGTAGCTTTAATTATATTGAACCCACGAAAGCTAGGATA"
"70","OTU00070","CACCGCGGTTATACGAGAGGCCCAAGCTGACAGAAACCGGCGTAAAGAGTGGTTAGGTGGTATTTAAACTAAAGCCAAACACTTTCCAAGCTGTTATACGCATCCGAGAGTATGAAAATCTCCTACGAAAGTGGCTTTAATATCCTGACTCCACGAAAGTTATGGAA"
"71","OTU00071","CACCGCGGTTATACGAGAGGCCCAAGCTGACAGCCATCGGCGTAAAATGTGGTTAAATTAACTTAAGATAATAAAGTCGAATGCTCTCATAACTGTTATACGTACTCGAAAGCCAGAAGCTCCCCTACGAAAGTGACTTTAGAATTATTGAACCCACGAAAGCTAAGATA"
"72","OTU00072","CACCGCGGTTATACGAGAGGCCCAAGCTGACAGCCATCGGCGTAAAGCGTGGTTAAAATAATAACAAAATAAAGCCGAATGCTCCCTCAACTGTTATACGTTCTCGAGAGCCAGAAGACCCCTAACGAAAGTAGCTTTAATACTATTGAACCCACGAAAGCTAAGACA"
"73","OTU00073","CACCGCGGTTATACGAGAGGCCCAAGCTGATAGACTACGGCGTAAAGAGTGGTTAAGATAAAACATACACTAAAGTCGAACGCCTTCAAAGCTGTTATACGCTTACGAAGCTAGCAGAAGCCCAACTACGAAAGTGACTTTAAACCCCCTGACTCCACGAAAGCTAGGAAA"
"74","OTU00074","CACCGCGGTTATACGAGAGGCCCAAGTTGAAAGACATCGGCGTAAAGAGTGGTTAAGTTAGAACTTAAACTAAAGCCGAACGTCCTCAAGGCTGTTATACGCACCCGAAGATGAGAAGTTCAACCACGAAGGTGGCTTTATTTAACCTGAACCCACGAAAGCTATGGCA"
"75","OTU00075","CACCGCGGTTATACGAGAGGCCCAAGTTGAAAGACCCCGGCGTAAAGAGTGGTTAAGTTAAAACTTAAACTAAAGTCGAACATCATCACGGCTGTTATACGCACCCGAAGATAAGAAGTTCAACCACGAAGGTGGCTTTATAAGATCTGAACCCACGAAAGCTACGGCG"
"76","OTU00076","CACCGCGGTTATACGAGAGGCCCAAGTTGACAAAACTCGGCGTAAAGAGTGGTTAATGGATACTATACTAAAGCCGAACATCCTCAAGACTGTTATACGTGTTCGAGGACAGGAAGACCTCCGACGAAAGTGGCTTTAACAAACATGAACCCACGAAAGCTAGGGAA"
"77","OTU00077","CACCGCGGTTATACGAGAGGCCCAAGTTGACAAACCCCGGCGTAAAGAGTGGTTAAGAAAAATTTAAAACTAAAGCCGAATGCCCTCAAAGCTGTTATACGCACCCGAAGGTAAGAAGCCCAATCACGAAAGTGGCTTTACATTTCCCGAACCCACGAAAGCTATGAAA"
"78","OTU00078","CACCGCGGTTATACGAGAGGCCCAAGTTGACAAACGCCGGCGTAAAATGTGGCTATATACAGTATTACACTAAAGCTAAACATCTTCAAAGCTGTTATACGCACCCGAAGACAGGAGGCCCCTCCACGAAAGTGGCTTTAAACAACATTAGCCCACGAAAGCTAGGAAA"
"79","OTU00079","CACCGCGGTTATACGAGAGGCCCAAGTTGACAGATGCCGGCGTAAAATGTGGTCAATATACTAATATACTAAAGCCAAACATCTTCAGGGCTGTTATACGCTATCGGAGACAGGAGATTCTTCCACGAAAGTGACTTTAAATAATATTATTCCACGAAAGTCAGGGAA"
"80","OTU00080","CACCGCGGTTATACGAGAGGCCCAAGTTGACAAATGCCGGCGTAAAATGTGGTTTATACAGTATTGCACTAAAGCTAAACTTCTTCAAAGCTGTCATACGCACTCGAAGAAAAGAGGACCTTCCACGAAAGTGGCTTTAAATAATATTAACCCACGAAAGCTAGGAAA"
"81","OTU00081","CACCGCGGTTATACGAGAGGCCCAAGTTGACAACCGACGGCGTAAAGCGTGGTTAGGGGAAATATAAACTAAAGCCGAACGCCCCCAATGCTGTCTAATGCTTCGAGGGTATGAAGAACATCGACGAAAGTGGCTTTATGACACCTGAACCCACGAAAGCTGGGAAA"
"82","OTU00082","CACCGCGGTTATACGAGAGGCCCAAGTTGACAACTACCGGCGTAAAATGTGGCTAATATAGTATTACACTAAAGCTAAACATCTTCAAAGCTGTTATACGCATCCGAAGACAGGATGCCCTTCCACGAAAGTGGCTTTAAACAATATTAACCCACGAAAGCTAGGAAA"
"83","OTU00083","CACCGCGGTTATACGAGAGGCCCAAGTTGACAGACATCGGCGTAAAGAGTGGTTAAGTTAAAATCTATACTAAAGCCGAACGTCCTCAAGGCTGTTATACGCACCCGAAGATAAGAAGTTCAACCACGAAGGTGGCTTTATTTAATCTGAACCCACGAAAGCTACGGCG"
"84","OTU00084","CACCGCGGTTATACGAGAGGCCCAAGTTGACAGACAGCGGCGTAAAGAGTGGTTAAGTTAAAATTGTACTAAAGCCGAACACCCTCCAGGCTGTTATACGCATCCGAAGGTAAGAAGTTCAACCACGAAGGTGGCTTTATTTAGTCTGAACCCACGAAAGCTACGACA"
"85","OTU00085","CACCGCGGTTATACGAGAGGCCCAAGTTGACAGATACCGGCGTAAAATGTGGTTACAGCGTATCAGACTAAAGCTAAACATCTTCCGAGCTGTTATACCCATATGAAGACAGGAGACCCCTTTACGAAAGTAGCTTTAAAAATGCTAATCCACGAAAGCTAGAAAA"
"86","OTU00086","CACCGCGGTTATACGAGAGGCCCAAGTTGACAGCCACCGGCGTAAAGAGTGGTTAAGAGATAATGAAAACTAAAGCCGAACACTCTCAGGACTGTTATACGTGTCCGAGAGCAAGAAGCTCCCCTACGAAAGTGGCTTTAACCCTTCCGAACCCACGAAAGTTGGGAAA"
"87","OTU00087","CACCGCGGTTATACGAGAGGCCCAAGTTGACTAAAATCGGCGTAAAGAGTGGTTAATGGTCTTTTTACTAGGGCCGAACATCTTCAAGGCTGTCATACGCACCCGAGGACAGGAAGAACCCCCACGAAAGTGGCCCTAACAAGCATGAACCCACGAAAGCTAGGGAA"
"88","OTU00088","CACCGCGGTTATACGAGAGGCCCAAGTTGATAAACACCGGCGTAAAGTGTGGTTAGGATTTTCCCCACTAAAGTTAAACACTCCCAGAACTGTTATACGCTCCCGGGAGCAGGAAACCCAGCAACGAAAGTGACTTTAAACCTCCGACCCCACGACAGCTATGACA"
"89","OTU00089","CACCGCGGTTATACGAGAGGCCCAAGTTGATAAACCCCGGCGTAAAGAGTGGTTAAGATAGATTAAACACTAAGGCCGAACGCCCCCTAGGCTGTTATACGCATCCGGGGGTAAGAAGTTCAACCACGAAAGTGGCCTTATACTCCCTGAACCCACGAAAGCTAGGATA"
"90","OTU00090","CACCGCGGTTATACGAGAGGCCCAAGTTGATAAATGCCGGCGTAAAATGTGGTTAATATAATGTTTCACTAAAGCCAAACATCTTCAGAGCTGTCATACCCACATGAAGACAGGAAGCCCTTCTACGAAAGTGGCTTTAAATAGTATTATCCACGAAAGCTAGGATA"
"91","OTU00091","CACCGCGGTTATACGAGAGGCCCAAGTTGATAAGGTACGGCGTAAAGAGTGGTTAAGATTAGCTAAATACTAAAGCCGAATGCCCTCAAAGCTGTTATACGCCCCCGAAGGTAAGAAGACCAACCACGAAAGTGACTTTACATTACTGAACCCACGAAAGCTAGGTTA"
"92","OTU00092","CACCGCGGTTATACGAGAGGCCCAAGTTGATAGACACCGGCGTAAAGAGTGGTTAAGTTAAAACCTCACACTAAAGCCAAACATCTTCAAGACTGTTATACGCAACCGAAGACAGGAAGTTCAACCACGAAAGTGGCTTTATTTGATCTGAACCCACGAAAGCTACGGAA"
"93","OTU00093","CACCGCGGTTATACGAGAGGCCCAAGTTGATAGTCACCGGCGTAAAGGGTGGTTAGGATAAAATTAAAGACTAAAGCCGAACACCTTCAAGGCTGTTATACGCACCCGAAAGTAAGAAGCTCAATCACGAAAGTGGCTTTACTCCTTCCGAATCCACGAAAACTAGGACA"
"94","OTU00094","CACCGCGGTTATACGAGAGGCCCAAGTTGATAGACCTTCGGCGTAAAGTGTGGTTAGAACAACAAGGAACTAAAGCCAAACGCTCTCAAAACTGTTATACGCGCTTGAGAGTCAGAAGCCCCACCACGAAAGTGGCTTTACATCATTGAACCCACGAAAGCTAAGACA"
"95","OTU00095","CACCGCGGTTATACGAGAGGCCCAAGTTGATAGACTCCGGCGTAAAGCGTGGTTAAGACAAATTTTAAACTAAAGCCGAACGCCCTCAGAGCTGTTATACGCTCCCGAGGGTAAGAAGCCCAATCACGAAAGTGGCTTTATACCAACTGAACCCACGAAAGCTATGACA"
"96","OTU00096","CACCGCGGTTATACGAGAGGCCCAAGTTGATAGTATTCGGCGTAAAGAGTGGTTAAACTAGACTTAAGCTAAAGCCGAACTCCCTCATGGCTGTTATACGCACCCGAGGGTAAGAAGCCCCTCCACGAAAGTGGCTTTAATAATTTTGATCCCACGAAAGCTGAGAAA"
"97","OTU00097","CACCGCGGTTATACGAGAGGCCCGAGTTGATAAACATCGGCGTAAAGTGTGGTTAGGATTTTTCCCACTAAAGTTAAACACCCCCAGAACTGTTATACGCTCCCGGGGACAGGAAGCCCAGCAGCGAAAGTGACTTTAAACCTCCGACCCCACGACAGCTATGACA"
"98","OTU00098","GGGGGGAAAACTCGTGCCAGCCACCGCGGTTATACGAGAGGCCCGAGTTGATAAACATCGGCGTAAAGTGTGGTTAGGATTTTTCCCACTAAAGTTAAACACCCCCAGAACTGTTATACGCTCCCGGGGACAGGAAGCCCAGCAGCGAAAGTGACTTTAAACCTCCGACCCCACGACAGCTATGACA"
"99","OTU00099","CACCGCGGTTATACGAGAGGCCCTAATTGATAGATGCCGGCGTAAAGGGTGGTTAAGGAAAGCAAAAATAAAGCCAAAGGGCCTCTTGGCCGTCATACGCTTACTGAGTGTCCGAAGCCCAAAAACGAAAGTAGCTTTAACATAGCCCACCTGACCCCACGAAAGCTGAGAAA"
"100","OTU00100","CACCGCGGTTATACGAGAGGCCCTAGTTGATGGACACGGCGTAAAGGGTGGTTAAGGTCCAATACAAATAAAGCCAAAAGACCTCTTGGCTGTCATACGCCCCTGAGTTCCCGAAGCCCACGTACGAAAGTAGCTTTAATATTATTCACCTGACCCCACGAAAGCTGAGAAA"
"101","OTU00101","CACCGCGGTTATACGAGAGGCCTAAGTTGACAGACAACGGCGTAAAGAGTGGTTAAGGAAAAATTTATACTAAAGCCGAACATCCTCAAGACTGTCGTACGTTTCCGAGGATATGAAGTCCCCCTACGAAAGTGGCTTTAACTCTCCTGACCCCACGAAAGCTGTGACA"
"102","OTU00102","CACCGCGGTTATACGAGAGGCCTAAGTTGACAGACAGCGGCGTAAAGAGTGGTTAAGGAAAACACAAAACTAAAGCCGAACGCCTTCAGAACTGTCATACGTTTTCGAAGGTATGAAGCCCAACCACGAAAGTGGCTTTATCCCCCCCCCCTGAACCCACGAAAGCTAAGAAA"
"103","OTU00103","CACCGCGGTTATACGAGAGGCCTAAGTTGATAAGCATCGGCGTAAAGAGTGGTTAGGGGAAAACATAAACTAAAGCCGAACGCCCTCAAGGCTGTGATACGTCTACGAGGGTAAGAAGCTCTTCCACGAAAGTGGCTTTAACCGACCTGACCCCACGAGAGCTGAGGTA"
"104","OTU00104","CACCGCGGTTATACGAGAGGCTCAAGTTGACAGACAACGGCGTAAAGAGTGGTTAAGGAAAACATTCAACTAAAGCGGAACCCCCTCATTGCTGTTATACGCTTCCGAGGGAATGAACCCCAACTACGAAGGTGGCTTTATATTAACCTGAACCCACGAAAGCTAAGAAA"
"105","OTU00105","CACCGCGGTTATACGAGAGGCTCAAGTTGATAAATACCGGCGTAAAATGTGGTTAACATATTTTTATACTAAAGCTAAACATCTTCAAAGCTGTTATACTCACACGAAGACAGGAAAACCTTCTACGAAAGTGGCTTTAAATTAATGCTAACCCACGAAAACTAGGAAA"
"106","OTU00106","CACCGCGGTTATACGAGAGGCTCAAGTTGATAGACTACGGCGTAAAGCGTGGTTAAGGAAAACTATAAAACTAAAGCCGAATGCCCTCAGAGCTGTTATACGCTCATGATGGTTAGAAGCCCAATTACGAAAGTAGCTTTACACAACCTGAACCCACGAAAGCTATGGCA"
"107","OTU00107","CACCGCGGTTATACGAGAGGCTCAAGTTGATGAACCCCGGCGTAAAGAGTGGTTAAGAGAGATCAAAACTAAAGCCGAATGCTTTCAAAGCTGTTATACGCTTCCGAAAGTAAGAAGCCCAATCACGAAAGTGGCTTTACTTTACCTGACCCCACGAAAGCTACGACA"
"108","OTU00108","CACCGCGGTTATACGAGAGGCTCGAGTTGATAATCTCGGCGTAAAGAGTGGTTATGGAGAAGACTAAACTAAAGCTGAAGACCCCCCAGGCTGTTTAACGCATGCGGGTGTTCGAACCACTTATACGAAAGTAGCTTTAACGCATTCCACCAGAATCCACGACAGCTGGGAAA"
"109","OTU00109","CACCGCGGTTATACGAGAGGTTCAAGCTGATAGATAACGGCGTAAAGAGTGGTTAATTTAAAAGAGAAGCTAAAGTGGAATGTTTTCAAAGCTGTTATACGCACCCGAAAATAAGAAGACCAAGAACGAAAGTAACTTTAACTTTATGAGTCCACGAAAACTATGAAA"
"110","OTU00110","CACCGCGGTTATACGAGCGACCCAAGTTGATAGATAACGGCGTAAAGAGTGGTTAAGATACTAACAAACTAAAGCCGAACACCTTCAGAACTGTTATACGTTTTTGAAGATAAGAAGTTCTATTACGAAAGTGGCTTTACTAGCCCTGACCCCACGAAAGCTGTGAAA"
"111","OTU00111","CACCGCGGTTATACGAGCGGCCCGAGTTGACAAACATCGGCGTAAAGGGTGGTTAACGCATAAAAAACTAAGGCCGAACACCTTCACGGCTGTCACACGCATCCGAAGGTAGGAAGAACCCCTACGAAAGTGGCCTTAACCACTTATGAATCCACGAAAGCTAGGAGA"
"112","OTU00112","CACCGCGGTTATACGAGGGACCCTAGTTGATTTAATCGGCGTAAAGAGTGGTTATGGAGAATAAGAAACTAAAGCCGAAGACCTCTTAGGCCGTCATACGTACCTAGAGGCTCGAATAACAAACACGAAAGTAGCTTTACCCCTTCCTGCCAGAACCCACGAGAGCTGGGATA"
"113","OTU00113","CACCGCGGTTATACGAGGGGCCCAAGTTGAATATAAACGGCGTAAAGGGTGGTTAAGCCACACCCTACTGGTAAAGCCGAATCTCGCTCACGCTGTTATACGTGAGCCATATCGAGAAAGACTCCAACGAAAGTGGCTTTACCACATTTGAACCTACGAAAGCTGGGGCA"
"114","OTU00114","CACCGCGGTTATACGAGGGGCCCAAGTTGAATATAAACGGCGTAAAGGGTGGTTAAGCCACACCCTACTGGTAAAGCCGAATCTCGCTCACGCTGTTATACGTGAGCCATATCGAGAAAGACTCCAACGAAAGTGGCTTTACCACATATGAACGTACGAAAGCTGAGACA"
"115","OTU00115","CACCGCGGTTATACGAGGGGCCCAAGTTGATAAACGCCGGCGTAAAATGTGGTTAATATAGTATTGCACTAAAGCCAAACATCTTCAAAGGTGTTATACCCATATGAAGACAGGAAGCACTTCCACGAAAGTGGCTTTAAATAATGTTATCCACTAAAGCTAGGAGA"
"116","OTU00116","CACCGCGGTTATACGAGGGGCCCAAGTTGATAGACACCGGCACAAAATGTGGTAAGTACAAAAAGATACTAAAGCCGAACGCCTTCAAGACTGTTATAAGTTTTCGAAAATAGGAAGCCTACCCACGAAAGTGGCTTTAAGATATATGATCCACGAAAGCTAGGGTA"
"117","OTU00117","CACCGCGGTTATACGAGGGGCTCAAATTGAGTTGTGGCGGCGTAAAGCGTGATTATTGACCTCATCTCGTAAAGCCAAATTTCCGCGTAGCTGTCATACGAAGTACCGGCTGGGGAAACTCAGGGACGAAAGTGGCTTTAGGTAGGAGGAACCCACGACAGTTGAGAAA"
"118","OTU00118","CACCGCGGTTATACGAGTGGCCCAAGTTGAAAGTTACCGGCGTAAAGAGTGGTTAGGGAAACAAAAAACTAAAGCCGAACACCCTCCAGGCCGTTATACGCTTCTGAGGGCACGAAGCTCCACTACGAAAGTGGCTTTAACACACCTGAACCCACGACAACTAAGATA"
"119","OTU00119","CACCGCGGTTATACGAGTTGGCTCAAGTTGATAGACGCGGCGTAAAGCGTGGTTAGGGGAATAACAACTAAAGTCGAATTGCCTCCTAGCAGTTATACGCTCACGAGGGCTTAGAAGCACAACCACGAAAGTAGCTTTAACAAACCTGACTCCACGAAAGCTAAGGCA"
"120","OTU00120","CACCGCGGTTATACGATAGGCCCAAGTTGACAGACCCCGGCGTAAAGCGTGGTTAGGGAAAACTCAAAACTAAAGCCGAATATCTTCAGGGCAGTTATACGCTTCCGAAGACACGAAGCCCTTCCACGAAAGTGACTTTATTACCCCCGACCCCACGAAAGCTAGGACA"
"121","OTU00121","CACCGCGGTTATACGGGAGACCCAAGTTGACAAACGTCGGCGTAAAACGTGGTTTATTACATTATTACACTAAAGCTAAACCTCTTCAAGACTGTTGTACGTGTTCGAAAGAGAGAGAATCTTCTACGAAAGTGGCTTTAAATACTATGAACCCACGAAAGCTAGGAAA"
"122","OTU00122","CACCGCGGTTATACGGGAGACCCAAGTTGACAAACGTCGGCGTAAAATGTGGTTTATACAGTATTGCACTAAAGCTAAACTTCTTCAAGGCTGTTATACGCATTCGAAAGAAAGAGAATCTTCAACGAAAGTGGCTTTAAACATTATGAACCCACGAAAGCTAGGAAA"
"123","OTU00123","CACCGCGGTTATACGGGAGACCCAAGTTGGCAAACGTCGGCGTAAAATGTGGTTTATACAGTATTGCACTAAAGCTAAACTTCTTCAAGGCTGTTATACGCATTCGAAAGAAAGAGAATCTTCAACGAAAGTGGCTTTAAACATTATGAACCCACGAAAGCTAGGAAA"
"124","OTU00124","CACCGCGGTTATACGGGAGGCCCAAGTTGCTAGGAGTCGGCGTAAAGGGTGGTTAAGAACAAAACTAAAATTAAAGTCGAACATCTTCCGAGCTGTTATACGCATCCGAAGGTAAGAAGCTCAAATGCGAAAGTAGCTTTATATCTTCTAAAAAGAAAAAAGCTGAAATA"
"125","OTU00125","CACCGCGGTTATACGGGAGGCCCAAGTTGCTAGGAGTCGGCGTAAAGGGTGGTTAAGAACAAAACTAAAATTAAAGTCGAACATCTTCCGAGCTGTTATACGCATCCGAAGGTAAGAAGCTCAAATGCGAAAGTAGCTTTATATCTTCTAAATTTATAAAAATTGAAATA"
"126","OTU00126","CACCGCGGTTATACGGGAGGCCCAAGTTGTTAAAAATCGGCGTAAAGGGTGGTTAAGAGCAAGCTTAAAATTAAAGCCGAACGCCTTCTAGGCTGTTATACGCATCCGAAGGTAAGAAGCCCAATCACGAAAGTAGCTTTATATTTTCTGACCCCACGAAAGCTAAGATA"
"127","OTU00127","CACCGCGGTTATACGGGAGGCCCAAGTTGTTAGAAATCGGCGTAAAGGGTGGTTAAGAACAAGCTTGACACTAAAGCCGAACGCCTTCCGGGCTGTTATACGCATCCGAAGGTAAGAAGTTCAATTACGAAAGTAGCTTTATATATTCTGACCCCACGAAAGCTAAGACA"
"128","OTU00128","CACCGCGGTTATACGGGGGGCCCAAGCTGATAGACACCGGCGTAAAGCGTGGTTAGGAATATTTAATACAATTAAAGCCGAATGCTTTCAAGGCTGTTATACGCATCCGAAAGCTAGAAGTACAACTACGAAGGTGGCTTTATAACTTCTGAACCCACGAAAGCTAAGAAA"
"129","OTU00129","CGCCGCGGTTATACGAGAGGCCCAAGTTGATAACCGCCGGCGTAAAAGGTGGAACTACGAAGAAGAAAAATAAAGCCGAATGCCCTCAAGACTGTTATAAGTTTTCGAGGAATAGAAGCCTACCAACGAAAGTGGCTTTAAAAACTGTATAATCCACGAAAGCTAGGGAA"
"130","OTU00130","CGCGGTAAGACGGAGGATGCAAGTGTTATCCGGAATCACTGGGCGTAAAGCGTGGTTAGAATAGAAAGATAAATTAAAGCCGAATGCTCCCTAAGCTGTTATACGCTCTCGAGAGCTAGAAGATCTTTTACGAAAGTAGCTTTATTACATTGAATCCACGAAAGCTAAGATA"
"131","OTU00131","CGTGTTTGGAGTCACGCAGGAGCCCTTCATTGTCTTTACATCCAACATCTTTGCTATAGCCGGATTAAGGTCGTTATTTGGAGTATTATCTCAAGCAGTAGCAGATTTGAAGTATTTGGAGAAAGCTGTAGGAGTAGTGCTGGCAGTCATCAGTGC"
"132","OTU00132","CTCGTGGCGGGCCAAAGAACAGGAATGGCCTGACTACAACCAAAACGAGGTCAGAGAACCCTACAGGAGACCAGAGAAGCAGCCGGCTGTGACGACGTTCCCCTATCTGCCTCCCCCGCCAGAGATGATGGAGATGACCGAGATGACTGGGAGTCGAACCCTGTTGCCAGTGGATGTCCC"
"133","OTU00133","GGTCAACGCCAAAAAATGCACGTTAAACGATGCCTAGTTTAGTTTGTTAGTTTTGATTGCTATACTTTCATCACCTCTCTTTTGGAAACCTCCATTACGAAATAACTTTTTCTGAGGAATTTTTATTTACATATTATTACACGTAACTACT"
"134","OTU00134","TACCGCGGTTAAACGAGAGGCCCCAGTTGATAATCCCGCGGCGTAAAGGGTGGTCAAGGGCTGCAACCTAATAAAGCCAAATAGCCCTCCGGCCGTCATACGCTTCCAGGCGCTAGAAGCCCAATTACACGAAGGTAGCTTTAGTGATATTCACCTGACTCCACGAAAGCTGAGAAA"
"135","OTU00135","TACCGCGGTTATACGAGAGGCCCAAGTTGACAGGCTCCGGCGTAAAGCGTGGTTAAGGAACAACAAACACTAAAGCCGAACACTTACTAAGCTGTTATACGCTTACGAAAGTAAGAAGCCCATTCACGAAGGTGGCTTTACTATACCTGAGCCCACGAAAGCTAAGACA"
"136","OTU00136","TACCGCGGTTATATGAGAGGCCCAAGTTGACAGGCTCCGGTGTAAAGCGTGGTTAAGGAACAATAGACACTAAAGCCGAACGGTTACTGGGCTGTTTTACGCTTCCGAAAGCAAGAAGAACATCTACGAAGGTGGCTTTACCTTACCTGAACTCACGAAAGCCAAGGCA"
"137","OTU00137","TCGAAACTTCTATTGCGGAGCGCCGGCATTTCATGATGCCCGAGGAGGAGCAGACCTTCGTAGCAGGCAACGTTCAGCTCGTGGGCGAAGCCATCTCGAACCAAGCTGACTTCGAGGTGATCCGGCAAATGCTTATGCATCCCAACGAGGCCACGCTGGAGGA"
