"","x"
"ASV000001","CACCGCGGTTATACGGGAGGCCCAAGTTGCTAGGAGTCGGCGTAAAGGGTGGTTAAGAACAAAACTAAAATTAAAGTCGAACATCTTCCGAGCTGTTATACGCATCCGAAGGTAAGAAGCTCAAATGCGAAAGTAGCTTTATATCTTCTGAATCCACGAAAGCTGAGATA"
"ASV000002","CACCGCGGTTAGACGAGAGGCCCTAGTTGATATTACAACGGCGTAAAGGGTGGTTAAGGATAAACAAAAATAAAGTCAAATGGCCCCTTGGCCGTCATACGCTTCTAGGCGTCCGAAGCCCTAATACGAAAGTAACTTTAATAAACCCACCTGACCCCACGAAAGCTGAGAAA"
"ASV000003","CACCGCGGTTATACGAGAGGCCCAAGCTGACAGCCCTTCGGCGTAAAGCGTGGTTAGAATAGAAAGATAAATTAAAGCCGAATGCTCCCTAAGCTGTTATACGCTCTCGAGAGCTAGAAGATCTTTTACGAAAGTAGCTTTATTACATTGAATCCACGAAAGCTAAGATA"
"ASV000004","CACCGCGGTTATACGAGAGACCCAAGTTGTTAGCCAACGGCGTAAAGGGTGGTTAGAACTATAAACAACAAACTGAGACCGAACACCTTCAAGGCTGTTATACGCTTCCGAAGCAACGAAGAACAATAACGAAAGTAGCCTCACTTACTCGAACCCACGAAAGCTAGGGCA"
"ASV000005","CACCGCGGTTATACGACAGGCCCAAGTTGATATCCCACGGCGTAAAGAGTGGTTAGAACCGGAAACGCGTAAAGCCGAAGAACATCAGTGCTGTTATACGCATTCGATTAGGTGAATTTCAGTAACGAAAGTAGCTTTACCGATCAAATCCGAACCCACGAAAGCTAAGAAA"
"ASV000006","CACCGCGGTTATACGGGAGACCCAAGTTGACAAACGTCGGCGTAAAATGTGGTTTATACAGTATTGCACTAAAGCTAAACTTCTTCAAGGCTGTTATACGCATTCGAAAGAAAGAGAATCTTCAACGAAAGTGGCTTTAAACATTATGAACCCACGAAAGCTAGGAAA"
"ASV000007","CACCGCGGTTAGACGAGAGGCCCTAGTTGATATTACAACGGCGTAAAGGGTGGTTAAGGATAAACAAAAATAAAGTCAAATGGCCCCTTGGCCGTCATACGCTTCTAGGCGTCCGAAGCCCTAATACGAAAGTAACTTTAATAAACCCGCCTGACCCCACGAAAGCTGAGAAA"
"ASV000008","CACCGCGGTTATACGACAGGCCCAAGTTGACGTACTACGGCGTAAAGAGTGGTTACGTGTCGCACCTGGTAAAGCCGAAGCCCCTCTAGGCTGTTATACGAGACAGAATCGGCGAAGCTCGCGCACGAAAGTAGCTTTAGCGGAGATATGCGAACCCACGAAAGCTAAGAAA"
"ASV000009","CACCGCGGTTATACGAGGGGCCCAAGTTGAATATAAACGGCGTAAAGGGTGGTTAAGCCACACCCTACTGGTAAAGCCGAATCTCGCTCACGCTGTTATACGTGAGCCATATCGAGAAAGACTCCAACGAAAGTGGCTTTACCACATTTGAACCTACGAAAGCTGGGGCA"
"ASV000010","CACCGCGGTTATACGAGAGGCCCAAGTTGAAAGACATCGGCGTAAAGAGTGGTTAAGTTAGAACTTAAACTAAAGCCGAACGTCCTCAAGGCTGTTATACGCACCCGAAGATGAGAAGTTCAACCACGAAGGTGGCTTTATTTAACCTGAACCCACGAAAGCTATGGCA"
"ASV000011","CACCGCGGTTATACGAGAGACCCAAGTTGTTAGCCAACGGCGTAAAGGGTGGTTAGAACTATAAACAACAAACTGAGACCGAACACCTTCAAGGCTGTTATACGCTTCCGAAGCAACGAAGAACAATAACGAAAGTAGCCTCACTAACTCGAACCCACGAAAGCTAGGGCA"
"ASV000012","CACCGCGGTTATACGACAGGCCCAAGTTGATCTTGAACGGCGTAAAGAGTGGTTAGATTTCCCTACTGCTAAAGCCGAAGCACCGCCGTGCTGTTATACGTGCCTCACAGTGAGAAGGGCGAAAACGAAAGTAGCTTTATTTCCGTCACGCGAACCCACGAAAGCTAAGAAA"
"ASV000013","CACCGCGGTTATACGACAGGCCCAAGTTGACTGGTGTCGGCGTAAAGAGTGGTTAACTAACGATCATTATAAAGCCGAAATTCCCCTAAGCTGTTATACGTCAAATCAAAAAGGAATCGCTGGTACGAAAGTAGCTTTAGTTATGATGCATGAACCCACGAAAGCTAAGAAA"
"ASV000014","CACCGCGGTTATACGAGAGGCCCAAGTTGATAGACCTTCGGCGTAAAGTGTGGTTAGAACAACAAGGAACTAAAGCCAAACGCTCTCAAAACTGTTATACGCGCTTGAGAGTCAGAAGCCCCACCACGAAAGTGGCTTTACATCATTGAACCCACGAAAGCTAAGACA"
"ASV000015","CACCGCGGTTATACGACAGGCCCAAGTTGACTTAGCCCGGCGTAAAGAGTGGTTATTTGAATTAAGATCTAAAGCCGAATTTCGACGCAGCTGTTATACGGGTTCTGGATTCAGAATGCCCGATACGAAAGTAGCTTTACCAGTGCGATTAGAACCCACGAAAGCTAAGAAA"
"ASV000016","CACCGCGGTTATACGAGGGGCTCAAATTGAGTTGTGGCGGCGTAAAGCGTGATTATTGACCTCATCTCGTAAAGCCAAATTTCCGCGTAGCTGTCATACGAAGTACCGGCTGGGGAAACTCAGGGACGAAAGTGGCTTTAGGTAGGAGGAACCCACGACAGTTGAGAAA"
"ASV000017","CACCGCGGTTATACGAGAGGCCCGAGTTGATAAACATCGGCGTAAAGTGTGGTTAGGATTTTTCCCACTAAAGTTAAACACCCCCAGAACTGTTATACGCTCCCGGGGACAGGAAGCCCAGCAGCGAAAGTGACTTTAAACCTCCGACCCCACGACAGCTATGACA"
"ASV000018","CACCGCGGTTAGACGAGAGGCCCTAGTTGATATTACAACGGCGTAAAGGGTGGTTAAGGATAAACAAAAATAAAGTCAAATGGCCCCTTGGCCGTCATACGCTTCTAGGAGTCCGAAGCCCTAATACGAAAGTAACTTTAATAAACCCACCTGACCCCACGAAAGCTGAGAAA"
"ASV000019","CACCGCGGTTATACGAGAGACCCAAGTTGAATTGAGTCGGCGTAAAGGGTGGTTAACGCGTCTAGCGTCATGATGAGACCGAATGTCCTCCTCGCTGTTATACGTGTAATGATTTCCGAACCTCTTAAACGAAAGTAGCCTCACTAACTCGAACCCACGAAAGCTAGGACA"
"ASV000020","CACCGCGGTTATACGAGAGGCCCAAGTTGATAGACACCGGCGTAAAGAGTGGTTAAGTTAAAACCTCACACTAAAGCCAAACATCTTCAAGACTGTTATACGCAACCGAAGACAGGAAGTTCAACCACGAAAGTGGCTTTATTTGATCTGAACCCACGAAAGCTACGGAA"
"ASV000021","CACCGCGGTTATACGAGAGGCTCAAGTTGATGAACCCCGGCGTAAAGAGTGGTTAAGAGAGATCAAAACTAAAGCCGAATGCTTTCAAAGCTGTTATACGCTTCCGAAAGTAAGAAGCCCAATCACGAAAGTGGCTTTACTTTACCTGACCCCACGAAAGCTACGACA"
"ASV000022","CACCGCGGTTATACGAGAGGCCCAAGTTGATAGTATTCGGCGTAAAGAGTGGTTAAACTAGACTTAAGCTAAAGCCGAACTCCCTCATGGCTGTTATACGCACCCGAGGGTAAGAAGCCCCTCCACGAAAGTGGCTTTAATAATTTTGATCCCACGAAAGCTGAGAAA"
"ASV000023","CACCGCGGTTATACGAGAGACCCTAGTTGATTGAAGCGGCGTAAAGAGTGGTTATGGAATTTTCTACCCTAAAGCAGAAAACCTCTCAAACTGTTATACGCACCCAGAGGTTGAAACCCCTTACACGAAAGTGACTTTATTTTCGCCTACCAGAAGCCACGAAAGCTGGGACA"
"ASV000024","CACCGCGGTTAGACGACAGGCCCTAGTTGAGCCACACCCGGCGTAAAGGGTGGTTAGGACGGGCGACGTTTAAAGTCAAAGAAGCTCCATGCCGTTATACGATGGTTAGTTCCGGAACGGCAGGAACGAAAGTAACTTTATAAGTGTATGCCGAACCCACGAAAGCTGAGAAA"
"ASV000025","CACCGCGGTTATACGAGAGACCCAAGTCGATGGCCCTCGGCGTAAAGAGTGGTTAGGAGACATCCCAAAACTAAAGGTGAATAACTTCAAAGCTGTTATACGCTCATGAAGTCAAGAAACTCAACTACGAAAGTGACTTTATGGATTCTGAACCCACGAAAGCTATGGCA"
"ASV000026","CACCGCGGTTATACGAGGGGCCCAAGTTGATAGGGTTCGGCGTAAAGGGTGGTTAATAGAACATATACTAAAGCCGAACGCCTTCGGAGCTGTTATAAGCTTCTGGAGAAAGGAAGCCCTTCCACGAAAGTGCCTTTAAACACTATGACCCCACGAAAGCTAGGGCA"
"ASV000027","CACCGCGGTTATACGAGAGGCCCAAGTTGATAAGGTACGGCGTAAAGAGTGGTTAAGATTAGCTAAATACTAAAGCCGAATGCCCTCAAAGCTGTTATACGCCCCCGAAGGTAAGAAGACCAACCACGAAAGTGACTTTACATTACTGAACCCACGAAAGCTAGGTTA"
"ASV000028","CACCGCGGTTAGACGAGAGGCCCTAGTTGATATTACAACGGCGTAAAGGGTGGTTAAGGATAGACAAAAATAAAGTCAAATGGCCCCTTGGCCGTCATACGCTTCTAGGAGCCCGAAGCCCTAATACGAAAGTAACTTTAATAAACCCACCTGACCCCACGAAAGCTGAGAAA"
"ASV000029","CACCGCGGTTATACGAGAGACCCTAGTTGAGGGTTTCGGCGTAAAGAGTGGTTATGCTGGCGTATCATTTAAAGCAGAATGAGTGCGCCACTGTTATACGGCGCCGATAAATCGAATACCGTTGACGAAAGTGACTTTACAGGGGCCACCTGGAAGCCACGAAAGCTGGGACA"
"ASV000030","CACCGCGGTTATACGAGAGGCCCAAGTTGACAAACCCCGGCGTAAAGAGTGGTTAAGAAAAATTTAAAACTAAAGCCGAATGCCCTCAAAGCTGTTATACGCACCCGAAGGTAAGAAGCCCAATCACGAAAGTGGCTTTACATTTCCCGAACCCACGAAAGCTATGAAA"
"ASV000031","CACCGCGGTTATACGAGAGACCCAAGTTGATAGCCTTCGGCGTAAAGAGTGGTTAAGATTTTCACCTGACTAAAGCCGAACGACTTCAAAGCTGTTATACGCATATGAATAAATGAAACTCAATTACGAAAGTGGCTTTACCTTTCCTGACTCCACGAAAGCTAAGATA"
"ASV000032","CACCGCGGTTATACGAGAGGCCCAAGTTGAGAGACATCGGCGTAAAGAGTGGTTAAGTTAAAACTTAAACTAAAGCCGAACGTCCTCAAGGCTGTTATACGCACCCGAAGATAAGAAGTTCAACCACGAAGGTGGCTTTATTTAACCTGAACCCACGAAAGCTAAGGCA"
"ASV000033","CACCGCGGTTATACGAGAGGCTCAAGTTGACAGACAACGGCGTAAAGAGTGGTTAAGGAAAACATTCAACTAAAGCGGAACCCCCTCATTGCTGTTATACGCTTCCGAGGGAATGAACCCCAACTACGAAGGTGGCTTTATATTAACCTGAACCCACGAAAGCTAAGAAA"
"ASV000034","CACCGCGGTTAGACGAGAGGCCCTAGTTGATATTATAACGGCGTAAAGGGTGGTTAAGGATAAACAAAAATAAAGTCAAATGGCCCCTTGGCCGTCATACGCTTCTAGGAGTCCGAAGCCCTAATACGAAAGTAACTTTAATAAACCTACCTGACCCCACGAAAGCTGAGAAA"
"ASV000035","CACCGCGGTTATACGAGAGACCCAAGTTGTTAGCCAACGGCGTAAAGGGTGGTTAGAACTATAAACAACAAACTGAGACCGAACACCTTCAAGGCTGTTATACGCTTCCGAAGCAACGAAGAACAATAACGAAAGTAGCCTCACTAACTCGAACCCACGAAAGCTAGGACA"
"ASV000036","CACCGCGGTTATACGAGAGGCCCAAGTTGATAGTCACCGGCGTAAAGGGTGGTTAGGATAAAATTAAAGACTAAAGCCGAACACCTTCAAGGCTGTTATACGCACCCGAAAGTAAGAAGCTCAATCACGAAAGTGGCTTTACTCCTTCCGAATCCACGAAAACTAGGACA"
"ASV000037","CACCGCGGTTATACGAGAGGCCCAAGTTGATAAACACCGGCGTAAAGTGTGGTTAGGATTTTCCCCACTAAAGTTAAACACTCCCAGAACTGTTATACGCTCCCGGGAGCAGGAAACCCAGCAACGAAAGTGACTTTAAACCTCCGACCCCACGACAGCTATGACA"
"ASV000038","CACCGCGGCTATACGAGAGGCCCAAGTTGATACCATTCGGCGTAAAGAGTGGTTATGGAAAATAAAAACTAAAGCCGCACGCCTTCAAAGCTGTTATACGCATCCGAAGGTTAGAAGATCAATCACGAAGGTAGCTTTACAACCCCTGACCCCACGAAAGCTCTGGCA"
"ASV000039","CACCGCGGTTATACGAAAGACCCAAGCTGATAGATGCCGGCGTAAAGAGTGGTTAAGTATCTTGATAGAACTAAAGCCGAACGCCCTCAAGACCGTTATACGTTTCCGAAGGTATGAAGCCCAACCACGAAAGTAACTTTAATTATATCCGACTCCACGAAAGCTGTGAAA"
"ASV000040","CACCGCGGTTATACGAGAGGCCCAAGTTGATAGACACCGGCGTAAAGAGTGGTTAAGTTAAAACCTCATACTAAAGCCAAACATCTTCAAGACTGTTATACGCAACCGAAGACAGGAAGTTCAACCACGAAAGTGGCTTTATTTGATCTGAACCCACGAAAGCTACGGAA"
"ASV000041","CACCGCGGTTATACGAGAGGCCTAAGTTGATAAGCATCGGCGTAAAGAGTGGTTAGGGGAAAACATAAACTAAAGCCGAACGCCCTCAAGGCTGTGATACGTCTACGAGGGTAAGAAGCTCTTCCACGAAAGTGGCTTTAACCGACCTGACCCCACGAGAGCTGAGGTA"
"ASV000042","CACCGCGGTTATACGAGAGGCCCAAGTTGACAAATCCCGGCGTAAAGAGTGGTTAAGAAAAATTTAAAACTAAAGCCGAATGCCCTCAAAGCTGTTATACGCACCCGAAGGTAAGAAGCCCAATCACGAAAGTGGCTTTACGTTTCCTGAACCCACGAAAGCTATGAAA"
"ASV000043","CACCGCGGTTATACGAGTTGGCTCAAGTTGATAGACGCGGCGTAAAGCGTGGTTAGGGGAATAACAACTAAAGTCGAATTGCCTCCTAGCAGTTATACGCTCACGAGGGCTTAGAAGCACAACCACGAAAGTAGCTTTAACAAACCTGACTCCACGAAAGCTAAGGCA"
"ASV000044","CACCGCGGTTATACGAGAGGCCCAAGTTGACAAATGCCGGCGTAAAATGTGGTTTATACAGTATTGCACTAAAGCTAAACTTCTTCAAAGCTGTCATACGCACTCGAAGAAAAGAGGACCTTCCACGAAAGTGGCTTTAAATAATATTAACCCACGAAAGCTAGGAAA"
"ASV000045","CACCGCGGTTAGACGAGAGGCCCTAGTTGATGTTACAACGGCGTAAAGGGTGGTTAAGGATAAACAAAAATAAAGTCAAATGGCCCCTTGGCCGTCATACGCTTCTAGGCGTCCGAAGCCCTAATACGAAAGTAACTTTAATAAACCCACCTGACCCCACGAAAGCTGAGAAA"
"ASV000046","CACCGCGGTTAAACGAGAGGCCCTAGTTGATATTATTACGGCGTAAAGGGTGGTTAAGGAAAGCACAACAATAAAGCCGAATGGCCCTCTGGCCGTCATACGCTTCCAGGTATCCGAAGTCCAACTCACGAAAGTAGCTTTAATACAGCCCACCTGACCCCACGAAAGCTGAGAAA"
"ASV000047","CACCGCGGTTATACGAGAGGCCCAAGTTGACAGACAGCGGCGTAAAGAGTGGTTAAGTTAAAATTGTACTAAAGCCGAACACCCTCCAGGCTGTTATACGCATCCGAAGGTAAGAAGTTCAACCACGAAGGTGGCTTTATTTAGTCTGAACCCACGAAAGCTACGACA"
"ASV000048","CACCGCGGTTATACGAGAGGCCCAAGTTGAAAGACCCCGGCGTAAAGAGTGGTTAAGTTAAAACTTAAACTAAAGTCGAACATCATCACGGCTGTTATACGCACCCGAAGATAAGAAGTTCAACCACGAAGGTGGCTTTATAAGAGCTGAACCCACGAAAGCTACGGCG"
"ASV000049","CACCGCGGTTATACGAGAGACCCAAATTGACAGTACCCGGCATAAAGTGTGGTTAAGAAATAAACACAATAAGGCCAAACTCTTTCAAGGCTGTTATACGCAACCGAAAGAAAGAAGATCAACAACGAAAGTGACCTTAGCCCAACCTGAACCCACGAAAGCTAGGAAA"
"ASV000050","CACCGCGGTTATACGGGAGGCCCAAGTTGTTAAAAATCGGCGTAAAGGGTGGTTAAGAGCAAGCTTAAAATTAAAGCCGAACGCCTTCTAGGCTGTTATACGCATCCGAAGGTAAGAAGCCCAATCACGAAAGTAGCTTTATATTTTCTGACCCCACGAAAGCTAAGATA"
"ASV000051","CACCGCGGTTATACGAGAGGCCCAAGTTGATAAATGCCGGCGTAAAATGTGGTTAATATAATGTTTCACTAAAGCCAAACATCTTCAGAGCTGTCATACCCCCATGAAGACAGGAAGCCCTTCTACGAAAGTGGCTTTAAATAGTATTATCCACGAAAGCTAGGATA"
"ASV000052","CACCGCGGTTAGACGAGAGGCCCTAGTTGATATTACAACGGCGTAAAGGGTGGTTAAGGATAAATAAAAATAAAGTCAAATGGCCCCTTGGCCGTCATACGCTTCTAGGCGTCCGAAGCCCTAATACGAAAGTAACTTTAATGAACCCACCTGACCCCACGAAAGCTGAGGAA"
"ASV000053","CACCGCGGTTATACGAGAGGCCTAAGTTGACAGACAACGGCGTAAAGAGTGGTTAAGGAAAAATTTATACTAAAGCCGAACATCCTCAAGACTGTCGTACGTTTCCGAGGATATGAAGTCCCCCTACGAAAGTGGCTTTAACTCTCCTGACCCCACGAAAGCTGTGACA"
"ASV000054","CACCGCGGTTATACGAGAGGCCCAAGTTGAAAGACCCCGGCGTAAAGAGTGGTTAAGTTAAAACTTAAACTAAAGTCGAACATCATCACGGCTGTTATACGCACCCGAAGATAAGAAGTTCAACCACGAAGGTGGCTTTATAAGATCTGAACCCACGAAAGCTACGGCG"
"ASV000055","CACCGCGGTTATACGAGTGGCCCAAGTTGAAAGTTACCGGCGTAAAGAGTGGTTAGGGAAACAAAAAACTAAAGCCGAACACCCTCCAGGCCGTTATACGCTTCTGAGGGCACGAAGCTCCACTACGAAAGTGGCTTTAACACACCTGAACCCACGACAACTAAGATA"
"ASV000056","CACCGCGGTTATACGAGAGGCCCAAGTTGATAAATGCCGGCGTAAAATGTGGTTAATATAATGTTTCACTAAAGCCAAACATCTTCAGAGCTGTCATACCCACATGAAGACAGGAAGCCCTTCTACGAAAGTGGCTTTAAATAGTATTATCCACGAAAGCTAGGATA"
"ASV000057","CACCGCGGTTATACGAGAGACCCAAATTGATTGACAACGGCGTAAAGGGTGGTTAAAATATATTCTACTAGGGCCGAACTAGTCCCTGACTGTTATACGTTACGGAATAAAGAAGAACTTAAACGAAGGTAGCCCTAAAATTTTGAAGCCACGAAAGCTAGGAAA"
"ASV000058","CACCGCGGTTATACGAGAGGCCCAAGTTGATAGACTCCGGCGTAAAGCGTGGTTAAGACAAATTTTAAACTAAAGCCGAACGCCCTCAGAGCTGTTATACGCTCCCGAGGGTAAGAAGCCCAATCACGAAAGTGGCTTTATACCAACTGAACCCACGAAAGCTATGACA"
"ASV000059","CACCGCGGTTATACGAGAGGCCCAAGCTGACAGCCATCGGCGTAAAATGTGGTTAAATTAACTTAAGATAATAAAGTCGAATGCTCTCATAACTGTTATACGTACTCGAAAGCCAGAAGCTCCCCTACGAAAGTGACTTTAGAATTATTGAACCCACGAAAGCTAAGATA"
"ASV000060","CACCGCGGTTATACGAAAGACCCTAGTTGATACTCACGGCGTAAAGGGTGGTTAAGGGTAATACACAATAAAGCCAAAGATCTTCTAAGCCGTTATACGCACCCCGAAAGTCACGAGGCCCAAATACGAAAGTAGCTTTAAAACAAGCCTGACCCCACGAAAGCTAAGAAA"
"ASV000061","CACCGCGGTTATACGAGAGACCCAAATTGATTGACAACGGCGTAAAGGGTGGTTAAAATATATTCTACTAGGGCCGAACTAGCCCCTGACTGTTATACGTTACGGAATAAAGAAGAACTTAAACGAAGGTAGCCCTAAAATTTTGAAGCCACGAAAGCTAGGAAA"
"ASV000062","CACCGCGGTTATACGAGAGACCCAAGTTGATAAGCCCGGCGTAAAGAGTGGTTATGGATAACACAAAACTAAAGCTAAAGACCCCCTAGGCTGTTATACGCACCTGGCGGCTCGAGTCACCAACACGAAAGTAGCTTTACCCCCTCCCACCAGAACCCACGACAGCTGGGGCA"
"ASV000063","CACCGCGGTTATACGAGAGGCCCAAGTTGACAAAACTCGGCGTAAAGAGTGGTTAATGGATACTATACTAAAGCCGTACATCCTCAAGACTGTTATACGTGTTCGAGGACAGGAAGAGCTCCGACGAAAGTGGCTTTAACAAGCATGAACCCACGAAAGCTAGGGAA"
"ASV000064","CACCGCGGTTATACGAGAGGCCCAAGTTGACAAATGCCGGCGTAAAATGTGGTTTATACAGTATTGCACTAAAGCTAAACTTCTTCAAAGCTGTCATACGCACTCGAAGAAAAGAGGACCTTCCACGAAAGTGGCTTTAAATAATATTCACCCACGAAAGCTAGGAAA"
"ASV000065","CACCGCGGTTATACGAGAGACCCAAGTTGTTAGCCAGCGGCGTAAAGGGTGGTTAGAACTATAAACAACAAACTGAGACCGAACACCTTCAAGGCTGTTATACGCTTCCGAAGCAACGAAGAACAATAACGAAAGTAGCCTCACTAACTCGAACCCACGAAAGCTAGGGCA"
"ASV000066","CACCGCGGTTATACGAGAGGCCCAAGTTGACAGATGCCGGCGTAAAATGTGGTCAATATACTAATATACTAAAGCCAAACATCTTCAGGGCTGTTATACGCTATCGGAGACAGGAGATTCTTCCACGAAAGTGACTTTAAATAATATTATTCCACGAAAGTCAGGGAA"
"ASV000067","CACCGCGGTTATACGAAAGACCCTAGTTGACACTCACGGCGTAAAGGGTGGTTAAGGGTAATACACAATAAAGCCAAAGATCTTCTAAGCCGTTATACGCACCCCGAAAGTCACGAGGCCCAAATACGAAAGTAGCTTTAAAACAAGCCTGACCCCACGAAAGCTAAGAAA"
"ASV000068","CACCGCGGTTATACGAGAGACCCAAGTTGATAGCCTTCGGCGTAAAGAGTGGTTAAGATTTTTACCTGACTAAAGCCGAACGACTTCAAAGCTGTTATACGCATATGAATAAATGAAACTCAATTACGAAAGTGGCTTTACCTTTCCTGACTCCACGAAAGCTAAGATA"
"ASV000069","CACCGCGGTTATACGAGAGACCCAAATTGATCAACAGCGGCGTAAAGGGTGGTTAAACTAATTACTATTAGAGCCAAATTCTCCCCTGACTGTTATACGTTACGGGATGAAGAAGAACTAAAACGAAAGTAGCTTTAAAATTTTGAATCCACGAAAGCTAGGACA"
"ASV000070","CACCGCGGTTAGACGAGAGGCTCAAGTTGATAAACAATCGGCGTAAAGAGTGGTTATGGAAACTACGAAACTAAAGCCAAATGCCCCCAAGGCTGTTATACGCACCCGGAGGCCAGAAGCCCAACCACGAAAGTGGCTTTATGTTACCTGAATCCACGAAAGCTATGGAA"
"ASV000071","CACCGCGGTTAGACGAGAGGCCCTAGTTGATATTACAACGGCGTAAAGGGTGGTTAAGGATAAACAAAAATAGAGTCAAATGGCCCCTTGGCCGTCATACGCTTCTAGGCGTCCGAAGCCCTAATACGAAAGTAACTTTAATAAACCCACCTGACCCCACGAAAGCTGAGAAA"
"ASV000072","CACCGCGGTTATACGAGAGGCCTAAGTTGACAGACAGCGGCGTAAAGAGTGGTTAAGGAAAACACAAAACTAAAGCCGAACGCCTTCAGAACTGTCATACGTTTTCGAAGGTATGAAGCCCAACCACGAAAGTGGCTTTATCCCCCCCCCCTGAACCCACGAAAGCTAAGAAA"
"ASV000073","CACCGCGGTTATACGAGAGACTCAAGCTGTTAGACACCGGCGTAAAGAGTGGTTAAGAGCACAGACAAATTAAAGTCTAATACTCCCTCAGCTGTAAAAAGCAAAAGGGGGCTAGAAGCTCATCAACGAAAGTGACTTTATTAATTCTGAACCCACGTAAGCTAAGGCA"
"ASV000074","CACCGCGGTTATACGAGAGGCCCTAGTTGATGGACACGGCGTAAAGGGTGGTTAAGGTCCAATACAAATAAAGCCAAAAGACCTCTTGGCTGTCATACGCCCCTGAGTTCCCGAAGCCCACGTACGAAAGTAGCTTTAATATTATTCACCTGACCCCACGAAAGCTGAGAAA"
"ASV000075","CACCGCGGTTATACGAGAGGCCCAAGTTGACAAAACTCGGCGTAAAGAGTGGTTAATGGATACTATACTAAAGCCGAACATCCTCAAGACTGTTATACGTGTTCGAGGACAGGAAGACCTCCGACGAAAGTGGCTTTAACAAACATGAACCCACGAAAGCTAGGGAA"
"ASV000076","CACCGCGGTTATACGAGGGGCCCAAGTTGATACGGTTCGGCGTAAAGGGTGGTTAATAGAACATATACTAAAGCCGAACGCCTTCGGAGCTGTTATAAGCTTCTGGAGAAAGGAAGCCCTTCCACGAAAGTGCCTTTAAACACTATGACCCCACGAAAGCTAGGGCA"
"ASV000077","CACCGCGGTTATACGGGAGGCCCAAGTTGCTAGGAGTCGGCGTAAAGGGTGGTTAAGAACAAAACTAAAATTAAAGTCGAACATCTTCCAAGCTGTTATACGCATCCGAAGGTAAGAAGCTCAAATGCGAAAGTAGCTTTATATCTTCTGAATCCACGAAAGCTGAGATA"
"ASV000078","CACCGCGGTTATACGAGTGGCCCAAGTTGAAAGTTACCGGCGTAAAGAGTGGTTAGGGAAACAAAAAACTAAAGCCGAACACTCTCCAGGCCGTTATACGCTTCTGAGGGCACGAAGCTCCACTACGAAAGTGGCTTTAACACACCTGAACCCACGACAACTAAGATA"
"ASV000079","CACCGCGGTTATACGACAGGCCCAAGTTGACTGGTGTCGGCGTAAAGAGTGGTTAACTAACGATCATTATAAAGCCGAAATTCCCCTAAGCTGTTATACGTCAAATCAAAAAGGAATCTCTGGTACGAAAGTAGCTTTAGTTATGATGCATGAACCCACGAAAGCTAAGAAA"
"ASV000080","CACCGCGGTTATACGAGAGACCCAAGTTGTTAGCCAACGGCGTAAAGGGTGGTTAGAACTATGAACAACAAACTGAGACCGAACACCTTCAAGGCTGTTATACGCTTCCGAAGCAACGAAGAACAATAACGAAAGTAGCCTCACTAACTCGAACCCACGAAAGCTAGGGCA"
"ASV000081","TACCGCGGTTATACGAGAGGCCCAAGTTGACAGGCTCCGGCGTAAAGCGTGGTTAAGGAACAACAAACACTAAAGCCGAACACTTACTAAGCTGTTATACGCTTACGAAAGTAAGAAGCCCATTCACGAAGGTGGCTTTACTATACCTGAGCCCACGAAAGCTAAGACA"
"ASV000082","CACCGCGGTTATACGACAGGCCCAAGTTGACGTACTACGGCGTAAAGAGTGGTTACGTGTCGCACCTGGTAAAGCCGAAGCCCATCTAGGCTGTTATACGAGACAGAATCGGCGAAGCTCGCGCACGAAAGTAGCTTTAGCGGAGATATGCGAACCCACGAAAGCTAAGAAA"
"ASV000083","CACCGCGGTTATACGACAGGCCCAAGTTGATCTTGAACGGCGTAAAGAGTGGTTAGATTTCCCTACTGCTAAAGCCGAAGCAACGCCGTGCTGTTATACGTGCCTCACAGTGAGAAGGGCGAAAACGAAAGTAGCTTTATTTCCGTCACGCGAACCCACGAAAGCTAAGAAA"
"ASV000084","CACCGCGGTTATACGACAGGCCCAAGTTGATATCCCACGGCATAAAGAGTGGTTAGAACCGGAACGCGTAAAGCCGAAGAACATCAGTGCTGTTATACGCATTCGATTAGGTGAATTTCAGTAACGAAAGTAGCTTTACCGATCAAATCCGAACCCACGAAAGCTAAGAAA"
"ASV000085","CACCGCGGTTATACGAGGGGCCCAAGTTGATAAACGCCGGCGTAAAATGTGGTTAATATAGTATTGCACTAAAGCCAAACATCTTCAAAGGTGTTATACCCATATGAAGACAGGAAGCACTTCCACGAAAGTGGCTTTAAATAATGTTATCCACTAAAGCTAGGAGA"
"ASV000086","CACCGCGGTTAGACGAGAGGCCCCAGTTAATAGTATTACGGCGTAAGGGGTGGTTAAGGAGAACAAGATAATAAAGCCAAATGGCCCCTTGGCCGTCATACGCTTCTGGGTGTCCGAAGCCCAATATACGAAAGTAGCTTTAGTAAACCCACCTGACCCCACGAAAACTGAGAAA"
"ASV000087","CACCGCGGTTATACGAGAGACCCTAGTTGATTGAAGCGGCGTAAAGAGTGGTTATGGAATTTTTTACCCTAAAGCAGAAAACCTCTCAAACTGTTATACGCACCCAGAGGTTGAAACCCCTTACACGAAAGTGACTTTATTTTCGCCTACCAGAAGCCACGAAAGCTGGGACA"
"ASV000088","CACCGCGGTTAGACGAGAGGCCCTAGTTGATATTACAACGGCGTAAAGTGTGGTTAAGGATAAACAAAAATAAAGTCAAATGGCCCCTTGGCCGTCATACGCTTCTAGGCGTCCGAAGCCCTAATACGAAAGTAACTTTAATAAACCCACCTGACCCCACGAAAGCTGAGAAA"
"ASV000089","CACCGCGGTTATACGAGAGGCCCTAATTGATAGATGCCGGCGTAAAGGGTGGTTAAGGAAAGCAAAAATAAAGCCAAAGGGCCTCTTGGCCGTCATACGCTTACTGAGTGTCCGAAGCCCAAAAACGAAAGTAGCTTTAACATAGCCCACCTGACCCCACGAAAGCTGAGAAA"
"ASV000090","CACCGCGGTTATACGAGAGACCCTAGTTGATTGAAGCGGCGTAAAGAGTGGTTATGGAATTTTCTACCCTAAAGCAGAAAACCTCTCAAACTGTTATACGCACCCAGAGGTTGAAACCCCTTACACGAAAGTGACTTTATTTTTGCCTACCAGAAGCCACGAAAGCTGGGACA"
"ASV000091","CACCGCGGTTATACGAGAGGCTCAAGTTGACAGACAACGGCGTAAAGAGTGGTTAAGGAAAACATTCAACTAAAGCGGAACCCCCTCATTGCTGTTATACGCTTCCGAGGGAATGAACCTCAACTACGAAGGTGGCTTTATATTAACCTGAACCCACGAAAGCTAAGAAA"
"ASV000092","CACCGCGGTTATACGAGAGGCCCAAGTTGAAAGACCCCGGCGTAAAGAGTGGTTAAGTTAAAACTTAAACTAAAGTCGAACATCATCACGGCTGTTATACGCACCCGAAGACAAGAAGTTCAACCACGAAGGTGGCTTTATAAGAGCTGAACCCACGAAAGCTACGGCG"
"ASV000093","CACCGCGGTTATACGAGAGGCCCAAGTTGACAAACGCCGGCGTAAAATGTGGCTATATACAGTATTACACTAAAGCTAAACATCTTCAAAGCTGTTATACGCACCCGAAGACAGGAGGCCCCTCCACGAAAGTGGCTTTAAACAACATTAGCCCACGAAAGCTAGGAAA"
"ASV000094","CACCGCGGTTAGACGAGAGGCCCTAGTTAATAGTATTACGGCGTAAGGGGTGGTTAAGGAGAACAAGATAATAAAGCCAAATGGCCCCTTGGCCGTCATACGCTTCTGGGTGTCCGAAGCCCAATATACGAAAGTAGCTTTAGTAAACCCACCTGACCCCACGAAAACTGAGAAA"
"ASV000095","CACCGCGGTTATACGAGGGGCCCAAGTTGAATATAAACGGCGTAAAGGGTGGTTAAGCCACACCCTACTGGTAAAGCCGAATCTCGCTCACGCTGTTATACGTGAGCCATATCGAGAAAGACTCCAACGAAAGTGGCTTTACCACATTTGAACCTACGAAAACTGGGGCA"
"ASV000096","CACCGCGGTTAAACGAGAGGCCCCAGTTGATAATACAACGGCGTAAAGGGTGGTTAGGGGGTGCAAAACAATAAAGCCAAATGGCCCCTTGGCCGTCATACGCTTCTAGGTGCCCGAAGCCCAATATACGAAAGTAGCTTTAAAAAGGCCCACCTGACGCCACGAAAGCTGAGAAA"
"ASV000097","CACCGCGGTTAGACGAGAGGCCCTAGTTGATATTACAACGGCGTAAAGGGTGGTTAAGGATAAACAAAAATAAAGTCAAATGGCCCCTTGGCCGTCATACGCTTCTAGGCATCCGAAGCCCTAATACGAAAGTAACTTTAATAAACCCGCCTGACCCCACGAAAGCTGAGAAA"
"ASV000098","CACCGCGGTTAAACGAGAGGCCCTAGTTAATAGTATTACGGCGTAAAGGGTGGTTAAGGAGGGCAATACAATAAAGCCAAATGGCCCTTTGGCCGTCATACGCTTCTAGGTGTCCGAAGCCCAACCACACGAAAGTAGCTTTAACAAAATCCACCTGACCCCACGAAAGCTAAGAAA"
"ASV000099","CACCGCGGTTATACGAGGGGCTCAAATTGAGTTGTGGCGGCGTAAAGCGTGATTATTGACCTCATCTCGTAAAGCCAAATTTCCGCGTAGCTGTCATACGAAGTACCGGCTGGGTAAACTCAGGGACGAAAGTGGCTTTAGGTAGGAGGAACCCACGACAGTTGAGAAA"
"ASV000100","CACCGCGGTTATACGAGAGGCCCAAGCTGACAACCATCGGCGTAAAGCGTGGTTAAATTTTCTAATAAAATAAAGCCGAATGCTTTCTTAACTGTTATACGTACTCGAGAGCCAGAAGCCCCCCTACGAAAGTAGCTTTAATTATATTGAACCCACGAAAGCTAGGATA"
"ASV000101","CACCGCGGTTATACGACAGGCCCAAGTTGACTTAGCCCGGCGTAAAGAGTGGTTATTTGAATTAAGATCTAAAGCCGAATTTCGACGCAGCTGTTATTCGGGTTCTGGATTCAGAATGCCCGATACGAAAGTAGCTTTACCAGTGCGATTAGAACCCACGAAAGCTAAGAAA"
"ASV000102","CACCGCGGTTAAACGAGAGGCCCCAGTTGACAATACAACGGCGTAAAGGGTGGTTAGGGAGTGCAAAACAATAAAGCCAAATGGCCCCTTGGCCGTCATACGCTTCTAGGTGCCCGAAGCCCAATATACGAAAGTAGCTTTAAAAAGGCCCACCTGACGCCACGAAAGCTGAGAAA"
"ASV000103","CACCGCGGTTATACGAGAGGCCCAAGCTGACAGCCCTTCGGCGTAAAGCGTGGTTAGAATAGAAACATAAATTAAAGCCGAATGCTCCCTAAGCTGTTATACGCTCTCGAGAGCTAGAAGATCTTTTACGAAAGTAGCTTTATTACATTGAATCCACGAAAGCTAAGATA"
"ASV000104","CACCGCGGTTATACGAGAGGCCCAAGCTGACAGCCCTTCGGCGTAAAGCGTGGTTAGAATAGAAAGATAAATTAAAGCCGAATGCTCCCTAAGCTGTTATACGCTCTCGAGAGCTAGAAGATCTTTTACGAAAGTAGCTTTATTACATTGAGTCCACGAAAGCTAAGATA"
"ASV000105","CACCGCGGTTAGACGAGAGGCCCTAGTTGATATTACAACGGCGTAAAGGGTGGTTAAGGATAAACAAAAATAAAGTCAAATGGCCCCTTGGCCGTCATACGCTTCTAGGCGTCCGAAGCCCTAACACGAAAGTAACTTTAATAAACCCACCTGACCCCACGAAAGCTGAGAAA"
"ASV000106","CACCGCGGTTATACGAGAGACCCAAATTGATTGACAACGGCGTAAAGGGTGGTTAAAATATATTCTACTAGGGCCGAACTAGTCCCTGACTGTTATACGTTACGGAATAAAGAATAACTTAAACGAAGGTAGCCCTAAAATTTTGAAGCCACGAAAGCTAGGAAA"
"ASV000107","CGCCGCGGTTATACGAGAGGCCCAAGTTGATAACCGCCGGCGTAAAAGGTGGAACTACGAAGAAGAAAAATAAAGCCGAATGCCCTCAAGACTGTTATAAGTTTTCGAGGAATAGAAGCCTACCAACGAAAGTGGCTTTAAAAACTGTATAATCCACGAAAGCTAGGGAA"
"ASV000108","CACCGCGGTTATACGAGGGGCCCAAGTTGAATATAAACGGCGTAAAGGGTGGTTAAGCCACACCCTACTGGTAAAGCCGAATCTCGCTCACGCTGTTATACGTGAGCCATATCGAGAAAGACTCCAACGAAAGTGGCTTTACCACATTTGAACATACGAAAGCTGGGGCA"
"ASV000109","CACCGCGGTTATACGAGAGACCCTAGTTGATTGAAGCAGCGTAAAGAGTGGTTATGGAATTTTCTACCCTAAAGCAGAAAACCTCTCAAACTGTTATACGCACCCAGAGGTTGAAACCCCTTACACGAAAGTGACTTTATTTTCGCCTACCAGAAGCCACGAAAGCTGGGACA"
"ASV000110","CACCGCGGTTATACGAGAGGCCCAAGCTGACAGCCCTTCGGCGTAAAGCGTGGTTAGAATAGAAATATAAATTAAAGCCGAATGCTCCCTAAGCTGTTATACGCTCTCGAGAGCTAGAAGATCTTTTACGAAAGTAGCTTTATTACATTGAATCCACGAAAGCTAAGATA"
"ASV000111","CACCGCGGTTATACGAGAGGCTCAAGTTGACAGACAACGGCGTAAAGAGTGGTTAAGGAAAACATTCAACTAAAGCGGAACCCCCTCATTGCTGTTATACGCTTCCGAGGGAATGAACCCCAACTACGAAGGTGGCTTTATATTAACCTGAACCCACGAAAGCTAAAAAA"
"ASV000112","CACCGCGGTTATACGGGAGGCCCAAGTTGCTAGGAGTCGGCGTAAAGGGTGGTTAAGAACAAAACTAAAATTAAAGTCGAACATCTTCCGAGCTTTTATACGCATCCGAAGGTAAGAAGCTCAAATGCGAAAGTAGCTTTATATCTTCTGAATCCACGAAAGCTGAGATA"
"ASV000113","CACCGCGGTTATACGAGAGGCCCAAGTTGACAGATACCGGCGTAAAATGTGGTTACAGCGTATCAGACTAAAGCTAAACATCTTCCGAGCTGTTATACCCATATGAAGACAGGAGACCCCTTTACGAAAGTAGCTTTAAAAATGCTAATCCACGAAAGCTAGAAAA"
"ASV000114","CACCGCGGTTATACGAGGGGCCCAAGTTGAATATAAACGGCGTAAAGGGTGGTTAAGCCACACCCTACTGGTAAAGCCGAATCTCGCTCACGATGTTATACGTGAGCCATATCGAGAAAGACTCCAACGAAAGTGGCTTTACCACATTTGAACCTACGAAAGCTGGGGCA"
"ASV000115","CACCGCGGTTATACAACAGGCCCAAGTTGATCTTGAACGGCGTAAAGAGTGGTTAGATTTCCCTACTGCTAAAGCCGAAGCACCGCCGTGCTGTTATACGTGCCTCACAGTGAGAAGGGCGAAAACGAAAGTAGCTTTATTTCCGTCACGCGAACCCACGAAAGCTAAGAAA"
"ASV000116","CACCGCGGTTAAACGAGAGGCCCTAGTTAATAGTATTACGGCGTAAAGGGTGGTTAAGGAGAGCAATACAATAAAGCCAAATGGCCCTTTGGCCGTCATACGCTTCTAGGTGTCCGAAGCCCAACCACACGAAAGTAGCTTTAACAAAATCCACCTGACCCCACGAAAGCTAAGAAA"
"ASV000117","CACCGCGGTTATACGAGAGGCCCAAGCTGACAGCCCTTCGGCGTAAAGCGTGGTTAGAATAGAAAGATAAATTAAAGCCGAATGCTCCCTAAGCTGTTATACGCTCTCGAGAGCTAGAAGATCTTTTACGAAAGTAGCTTTATTACATTTAATCCACGAAAGCTAAGATA"
"ASV000118","CACCGCGGTTATACGGGAGGCCCAAGTTGCTATGAGTCGGCGTAAAGGGTGGTTAAGAACAAAACTAAAATTAAAGTCGAACATCTTCCGAGCTGTTATACGCATCCGAAGGTAAGAAGCTCAAATGCGAAAGTAGCTTTATATCTTCTGAATCCACGAAAGCTGAGATA"
"ASV000119","CACCGCGGTTATACGACAGGCCCAAGTTGATCTTGAACGGCGTAAAGAGTGGTTAGATTTCCCTACTGCTAAAGACGAAGCACCGCCGTGCTGTTATACGTGCCTCACAGTGAGAAGGGCGAAAACGAAAGTAGCTTTATTTCCGTCACGCGAACCCACGAAAGCTAAGAAA"
"ASV000120","TACCGCGGTTAAACGAGAGGCCCCAGTTGATAATACCGCGGCGTAAAGGGTGGTCAAGGGCTGCAACCTAATAAAGCCAAATAGCCCTCCGGCCGTCATACGCTTCCAGGCGCTAGAAACCCAATTACACGAAGGTAGCTTTAGTAATATTCACCTGACTCCACGAAAGCTGAGAAA"
"ASV000121","CACCGCGGTTATACGGGAGGCCCAAGTTGCTAGGAGTCGGCGTAAAGGGTGGTTAAGAACAAAACTAAAATTAAAGTCGAACATCTTACGAGCTGTTATACGCATCCGAAGGTAAGAAGCTCAAATGCGAAAGTAGCTTTATATCTTCTGAATCCACGAAAGCTGAGATA"
"ASV000122","CACCGCGGTTATACGAGAGGCCCAAGTTGACAAATGCCGGCGTAAAATGTGGTCAATATACTAATATACTAAAGCCAAACATCTTCAGGGCTGTTATACGCTATCGGAGACAGGAGATTCTTCCACGAAAGTGACTTTAAATAATATTATTCCACGAAAGTCAGGGAA"
"ASV000123","CACCGCGGTTATACGAGAGACCCTAGTTGATTGAAGCGGCGTAAAGAGTGGTTATGGAATTTTCTACCCTAAAGCAGAAAACCTCTCAAACTGTTATACGCACCCAGAGGTTAAAACCCCTTACACGAAAGTGACTTTATTTTCGCCTACCAGAAGCCACGAAAGCTGGGACA"
"ASV000124","CACCGCGGTTATACGAGGGGCTCAAATTGAGTTGTGGCGGCGTAAAGCGTTATTATTGACCTCATCTCGTAAAGCCAAATTTCCGCGTAGCTGTCATACGAAGTACCGGCTGGGGAAACTCAGGGACGAAAGTGGCTTTAGGTAGGAGGAACCCACGACAGTTGAGAAA"
"ASV000125","CACCGCGGTTATACGAGGGGCCCAAGTTGAATATAAACGGCGTAAAGGGTGGTTAAGCCACACCCTACTGGTAAAGCCGAATCTCGCTCACGCTGTTATACGTGAGCCATATCGAGAAATACTCCAACGAAAGTGGCTTTACCACATTTGAACCTACGAAAGCTGGGGCA"
"ASV000126","CACCGCGGTTAGACGAGAGGCCCTAGTTGATATTATAACGGCGTAAAGGGTGGTTAAGGATAAACAAAAATAAAGTCAAATGGCCCCTTGGCCGTCATACGCTTCTAGGAGTCCGAAGCCCTAATACTAAAGTAACTTTAATAAACCTACCTGACCCCACGAAAGCTGAGAAA"
"ASV000127","CACCGCGGTTATACGAGGGGCCCAAGTTGAATATAAACGGCGTAAAGGGTGGTTAAGCCACACCATACTGGTAAAGCCGAATCTCGCTCACGCTGTTATACGTGAGCCATATCGAGAAAGACTCCAACGAAAGTGGCTTTACCACATTTGAACCTACGAAAGCTGGGGCA"
"ASV000128","CACCGCGGTTATACGAGAGGCCCAAGTTGACAGACATCGGCGTAAAGAGTGGTTAAGTTAAAATCTATACTAAAGCCGAACGTCCTCAAGGCTGTTATACGCACCCGAAGATAAGAAGTTCAACCACGAAGGTGGCTTTATTTAATCTGAACCCACGAAAGCTACGGCG"
"ASV000129","CACCGCGGTTAAACGAGAGGCCCTAGTTGATAATATTACGGCGTAAAGGGTGGTTAAGGAAAACAAATTAATAAAGCCAAATGGCCCTTTGGCCGTCATACGCTCCTAGGTGTCCGAAGCCCAATTTTACGAAAGTAGCTTTAACAAAATTAACCTGACCCCACGAGAGCTGAGAAA"
"ASV000130","CACCGCGGTTAGACGAGAGGCCCTAGTTGATATTACAACGGCGTAAAGGGTGGTTAAGGATAGACAAAAATAAAGTCAAATGGCCACTTGGCCGTCATACGCTTCTAGGAGCCCGAAGCCCTAATACGAAAGTAACTTTAATAAACCCACCTGACCCCACGAAAGCTGAGAAA"
"ASV000131","CACCGCGGTTATACGACAGGCCCAAGTTGACTGGTGTCGGCGTAAAGAGTGGTTAACTAACGATCATTATAAAGCCGAAATTCCCCTAAGCTGTTATACGTCAAATCAAAAAGGAATCGCTGGTACGAAAGTAGCTTTAGTTATGATTCATGAACCCACGAAAGCTAAGAAA"
"ASV000132","CACCGCGGTTATACGACAGGCCCAAGTTGACTGGTGTAGGCGTAAAGAGTGGTTAACTAACGATCATTATAAAGCCGAAATTCCCCTAAGCTGTTATACGTCAAATCAAAAAGGAATCGCTGGTACGAAAGTAGCTTTAGTTATGATGCATGAACCCACGAAAGCTAAGAAA"
"ASV000133","CACCGCGGTTATACGAGGGGCCCAAGTTTAATATAAACGGCGTAAAGGGTGGTTAAGCCACACCCTACTGGTAAAGCCGAATCTCGCTCACGCTGTTATACGTGAGCCATATCGAGAAAGACTCCAACGAAAGTGGCTTTACCACATTTGAACCTACGAAAGCTGGGGCA"
"ASV000134","CACCGCGGTTATACGAGAGGCCCAAGTTGATAAACCCCGGCGTAAAGAGTGGTTAAGATAGATTAAACACTAAGGCCGAACGCCCCCTAGGCTGTTATACGCATCCGGGGGTAAGAAGTTCAACCACGAAAGTGGCCTTATACTCCCTGAACCCACGAAAGCTAGGATA"
"ASV000135","CACCGCGGTTATACGGGAGGCCCAAGTTGCTAGGAGTCGGCGTAAAGGGTGTTTAAGAACAAAACTAAAATTAAAGTCGAACATCTTCCGAGCTGTTATACGCATCCGAAGGTAAGAAGCTCAAATGCGAAAGTAGCTTTATATCTTCTGAATCCACGAAAGCTGAGATA"
"ASV000136","CACCGCGGTTAGACGAGAGGCCCTAGTTGATATTACAACGGCGTAAAGGGTGGTTAAGGATAAACAAAAATAAAGTCAAATGGCCCCTTGGCCGTCATACGCTTCTAGGCGTCCGAAGCCCTAATACGAAAGTAACTTTAATAAGCCCACCTGACCCCACGAAAGCTGAGAAA"
"ASV000137","CACCGCGGTCATACGATTAACCCAAACTAATTATCTTCGGCGTAAAACGTGTCAACTATAAATAAATAAATAGAATTAAAATCCAACTTATATGTGAAAATTCATTGTTAGGACCTAAACTCAATAACGAAAGTAATTCTAGTCATTTATAATACACGACAGCTAAGACC"
"ASV000138","CACCGCGGTTATACGAGAGACCCTAGTTGATTGAAGCGGCGTAAAGAGTGGTTATGGAATTTTCTACCCTAAAGCAGAAAACCTCTCAAACTGTTATACGCACCCAGAGGTTGAAACCCCTTACACGAAAGTGACTTTATTTTCGCCCACCAGAAGCCACGAAAGCTGGGACA"
"ASV000139","CACCGCGGTTATACGAGAGGCCCAAGTTGACAAACGCCGGCGTAAAATGTGGCTATATACAGTATTACACTAAAGCTAAACATCTTCAAAGCTGTTATACGCACCCGAAGACAGGAGGCCCCTCCACGAAAGTGGCTTTAAACAAAATTAGCCCACGAAAGCTAGGAAA"
"ASV000140","TACCGCGGTTAAACGAGAGGCCCCAGTTGATAATCCCGCGGCGTAAAGGGTGGTCAAGGGCTGCAACCTAATAAAGCCAAATAGCCCTCCGGCCGTCATACGCTTCCAGGCGCTAGAAGCCCAATTACACGAAGGTAGCTTTAGTGATATTCACCTGACTCCACGAAAGCTGAGAAA"
"ASV000141","ATCCGCGGTTAGACCAAAAGATTAAGTTATATGAATAGGTAAAAAGATAGTTAAGTAAGAAGAAAAGTTTAATGATTTTTTATAGAAAGGTAAAATTTGGATATAAAAAGCTAATTTTTTTTAAGCTACAATGCTGAAGCTATGATAATTTTGAGG"
"ASV000142","CACCGCGGTCATACGATTAACCCTGATTAATAAACCCCGGCGTAAAGAGTATTAAAGATACAATAAAAATAAGATTAAATTTCATCTGGGTCGTAAAAAACTATAGATAAAAATAAAATCGATAACGAAGGTAATCTTAATATATCAGAATATACTAAAGCTAAGACA"
"ASV000143","CACCGCGGTTAAACGAGAGGCCCAAGTTGATAACACCACGGCGTAAAGGGTGGTCAAGGAAAGCAGCATAATAAAGCCAAATGGCCCTTTGGCCGTCATACGCTTCTAGGTGTCCGAAGCCCAACCACACGAAAGTAGCTTTAATAAAGCCCACCTGACCCCACGAAAGCTGAGAAA"
"ASV000144","CACCGCGGTTATACGAGAGACCCAAGTTGTTAAATCACGGCGTAAAGAGTGGTTAAAATGTATTAAAAAATAGAGCCGAACACTTACAAAGTTGTTATAAGCACACGAAATTAAGAAGCCCAATCACGAAAGTGGCTTTATATAATTTGAACCCACGTAAGCTAGGACA"
"ASV000145","CACCGCGGTTATACGAGTGGCCCAAGTTGAAAGTTACCGGCGTAAAGAGTGGTTAGGGAAACAAAAAACTAAAGCCGAACACCTTCCAGGCCGTTATACGCTTCTGAGGGCACGAAGCTCCACTACGAAAGTGGCTTTAACACACCTGAACCCACGACAACTAAGGTA"
"ASV000146","CACCGCGGTTATACGACAGGCCCAAGTTGACGTACTACGGCGTAAAGAGTGGTTACGTGTCGCACCTGGTAAAGCCGAAGCCCCTCTAGGCTGTTATACGAGACAGAATTGGCGAAGCTCGCGCACGAAAGTAGCTTTAGCGGAGATATGCGAACCCACGAAAGCTAAGAAA"
"ASV000147","CACCGCGGTTATACGAGAGACCCTAGTTGAGGGTTTCGGCGTAAAGAGTGGTTATGCTGGCGTATCATTTAAAGCAGAATGAGTGCGCCACTGTTATACGACGCCGATAAATCGAATACCGTTGACGAAAGTGACTTTACAGGGGCCACCTGGAAGCCACGAAAGCTGGGACA"
"ASV000148","CACCGCGGTTATACGAGAGGCCCAATCTGACAGCCCTTCGGCGTAAAGCGTGGTTAGAATAGAAAGATAAATTAAAGCCGAATGCTCCCTAAGCTGTTATACGCTCTCGAGAGCTAGAAGATCTTTTACGAAAGTAGCTTTATTACATTGAATCCACGAAAGCTAAGATA"
"ASV000149","CACCGCGGTTATACGACAGGCCCAAGTTGACTTAGCCCGGCGTAAAGAGTGGTTATTTGAATTAAGATCTAAAGCCGAATTTCGACGCAGCTGTTATACGGGTTCTGGATTCATAATGCCCGATACGAAAGTAGCTTTACCAGTGCGATTAGAACCCACGAAAGCTAAGAAA"
"ASV000150","CACCGCGGTCATACGATTAACCCAAATTAATAGATCCACGGCGTAAAGAGTGTTTAAGAAAAAAAAACCACAATAGAGTTAAATTATAACTAAGCTGTAAAAAGCCCTAGTTAAAATAAAATAACCCACGAAAGTGACTCTAATAATCCTGACACACGATAGCTAGGACC"
"ASV000151","CACCGCGGTTATACGAGAGGCCCAAGCTGACAGCCCTTCGGCGTAAAGCGTGGTTAGAATAGAAAGATAAATTAAAGCCGAATGCTCCCTAAGCTGTTATACGCTCTCGAGAGCTAGAAGATCTTTTACGAAAGTAGCTTTATTACATTGAACCCACGAAAGCTAAGATA"
"ASV000152","CACCGCGGTTATACGAGAGGCCCAAGTTGACAGCCACCGGCGTAAAGAGTGGTTAAGAGATAATGAAAACTAAAGCCGAACACTCTCAGGACTGTTATACGTGTCCGAGAGCAAGAAGCTCCCCTACGAAAGTGGCTTTAACCCTTCCGAACCCACGAAAGTTGGGAAA"
"ASV000153","CACCGCGGTTATACGAGAGACCCAAGTTGTTAGCCAACGGCGTAAAGGGTGGTTAGAACTATAAACAACAAACTGAGACCGAACACCTTCAAGGCTGTTATACGCTTCCGAAGCAACGAAGAACAATAACGAAAGTAGCCTCACTTACTCGAACCCACAAAAGCTAGGGCA"
"ASV000154","CACCGCGGTTATACGACAGGCTCAAGTTGACTGGTGTCGGCGTAAAGAGTGGTTAACTAACGATCATTATAAAGCCGAAATTCCCCTAAGCTGTTATACGTCAAATCAAAAAGGAATCGCTGGTACGAAAGTAGCTTTAGTTATGATGCATGAACCCACGAAAGCTAAGAAA"
"ASV000155","CACCGCGGTTATACGACAGGCCCAAGTTGACGTACTACGGCGTAAAGAGTGGTTACGTGTCGCACCTGGTAAAGCCGAAGCCCCTCTAGGCTGTTATACGAGACAGAATCGGCGAAGCTCGCGCACGAAAGTAGCTTTAGCGGAGATATGCGAACACACGAAAGCTAAGAAA"
"ASV000156","CACCGCGGTTATACGAGAGGCCCAAGCTGACAGCCCTTCGGCGTAAAGCGTGGTTAGAGTAGAAAGATAAATTAAAGCCGAATGCTCCCTAAGCTGTTATACGCTCTCGAGAGCTAGAAGATCTTTTACGAAAGTAGCTTTATTACATTGAACCCACGAAAGCTAAGATA"
"ASV000157","CACCGCGGTTATACGACAGGCCCAAGTTGATCTTGAACGGCGTAAAGAGTGGTTAGATTTCCCTACTGCTAAAGCCGATGCACCGCCGTGCTGTTATACGTGCCTCACAGTGAGAAGGGCGAAAACGAAAGTAGCTTTATTTCCGTCACGCGAACCCACGAAAGCTAAGAAA"
"ASV000158","CACCGCGGTTATACGAGAGGCCCAAGTTGACAAACGCTGGCGTAAAATGTGGCTATATACAGTATTACACTAAAGCTAAACATCTTCAAAGCTGTTATACGCACCCGAAGACAGGAGGCCCCTCCACGAAAGTGGCTTTAAACAACATTAGCCCACGAAAGCTAGGAAA"
"ASV000159","CACCGCGGTTAGACGACAGGCCCTAGTTGAGCCACACCCGGCGTAAAGGGTGGTTAGGACGGGCGACGTTTAAAGTCAAAGAAGCTCCATGCCGTTATACGATGGTTAGTTCCGGAACGGTAGGAACGAAAGTAACTTTATAAGTGTATGCCGAACCCACGAAAGCTGAGAAA"
"ASV000160","CACCGCGGTTATACGAGGGGACCAAGTTGAATATAAACGGCGTAAAGGGTGGTTAAGCCACACCCTACTGGTAAAGCCGAATCTCGCTCACGCTGTTATACGTGAGCCATATCGAGAAAGACTCCAACGAAAGTGGCTTTACCACATTTGAACCTACGAAAGCTGGGGCA"
"ASV000161","CACCGCGGTTATACGAGAGACCCTAGTTGATTGAAGCGGCGTAAAGAGTGGTTATGGAATTTTCTACCCTAAAGCAGAAAACCTCTCAAACTGTTATACGGACCCAGAGGTTGAAACCCCTTACACGAAAGTGACTTTATTTTCGCCTACCAGAAGCCACGAAAGCTGGGACA"
"ASV000162","CACCGCGGTCACACGATTAACCCAAGTCAATAGAAGCCGGCGTAAAGAGTGTTTTAGATCACCCCCTCCCCAATAAAGCTAAAACTCACCTGAGTTGTAAAAAACTCCAGTTGACACAAAATAGACTACGAAAGTGGCTTTAACATATCTGAACACACAATAGCTAAGACC"
"ASV000163","CACCTCGGTTAGACGACAGGCCCTAGTTGAGCCACACCCGGCGTAAAGGGTGGTTAGGACGGGCGACGTTTAAAGTCAAAGAAGCTCCATGCCGTTATACGATGGTTAGTTCCGGAACGGCAGGAACGAAAGTAACTTTATAAGTGTATGCCGAACCCACGAAAGCTGAGAAA"
"ASV000164","CACCGCGGTTATACGACAGGCCCAAGTTGATATCCCACGGCGTAAAGAGTGGTTAGAACCGGAAACGCGTAAAGCCGAAGAACATCAGTGCTGTTATACGCATTCGATTAGGTGAATTTCAGTAACGGAAGTAGCTTTACCGATCAAATCCGAACCTACGAAAGCTAAGAAA"
"ASV000165","CACCGCGGTTATACGAGAGACCCTAGTTGAGGGTTTCGGCGTAAAGAGTGGTTATGCTGGCGTATCATTTAAAGCAGAATGAGTGCGCCACTGTTATACGGCGCCGATAAATCGAATACAGTTGACGAAAGTGACTTTACAGGGGCCACCTGGAAGCCACGAAAGCTGGGACA"
"ASV000166","CACCGCGGTTATACGGGAGGCCCAAGTTGCTAGGAGTCGGCGTAAAGGGTGGTTAAGAACAAAACTAAAATTAAAGTCGAACATCTTCCGAGCTGTTATACACATCCGAAGGTAAGAAGCTCAAATGCGAAAGTAGCTTTATATCTTCTGAATCCACGAAAGCTGAGATA"
"ASV000167","CACCGCGGTTATACGAGAGACCCAAGTTGTTAGCCAACGGCGTAAAGGGTGGTTAGAACTATAAACAACAAACTGAGACCAAACACCTTCAAGGCTGTTATACGCTTCCGAAGCAACGAAGAACAATAACGAAAGTAGCCTCACTTACTCGAACCCACGAAAGCTAGGGCA"
"ASV000168","CACCGCGGTTATACGAGAGGCCCAAGTTGATAGACCTTCGGCGTAAAGTGTGGTTAGAACAACAAGGAACTAAAGCCAAACGCTCTCAAAACTGTTATACGCGCTTGAGAGTCAGAAGCCCCACCACGAAAGTGGCTTTACATCATTGAACCCATGAAAGCTAAGACA"
"ASV000169","CACCGCGGTTATACGGGAGGCCCAAGTTGCTAGGAGTCGGCGTAAAGGGTGGTTAAGAACAAAACTAAAATTAAAGTCGAACATCTTCCGAGCTGTTATACGCATCCGAAGGTAAGAAGCTCAAATGCGAAAGTAGCTTTATATCTTCTGAATACACGAAAGCTGAGATA"
"ASV000170","CACCGCGGTTATACGGGAGGCCCAAGTTGCTAGGAGTCGGCGTAAAGGGTGGTTAAGAACAAAACTAAAATTAAAGTCGAACATCTTCCGAGCTGTTATATGCATCCGAAGGTAAGAAGCTCAAATGCGAAAGTAGCTTTATATCTTCTGAATCCACGAAAGCTGAGATA"
"ASV000171","CACCGCGGTTATACGAGAGACCCTAGTTGATTGAAGCGGCGTAAAGAGTGGTTATGGAGTTTTCTACCCTAAAGCAGAAAACCTCTCAAACTGTTATACGCACCCAGAGGTTGAAACCCCTTACACGAAAGTGACTTTATTTTCGCCTACCAGAAGCCACGAAAGCTGGGACA"
"ASV000172","CACCGCGGTTAGACGACAGGCCCTAGTTGAGCCACACCCGGCGTAAAGGGTGGTTAGGACGGGCGACGTTTAAAGTCAAAGAAGATCCATGCCGTTATACGATGGTTAGTTCCGGAACGGCAGGAACGAAAGTAACTTTATAAGTGTATGCCGAACCCACGAAAGCTGAGAAA"
"ASV000173","CACCGCGGTTATACGAGGGGCCCAAGTTGAATATAAACGGAGTAAAGGGTGGTTAAGCCACACCCTACTGGTAAAGCCGAATCTCGCTCACGCTGTTATACGTGAGCCATATCGAGAAAGACTCCAACGAAAGTGGCTTTACCACATTTGAACCTACGAAAGCTGGGGCA"
"ASV000174","CACCGCGGTTATACGAGAGACCCTAGTTGAGGGTTTCGGCGTAAAGAGTGGTTATGCTGGCGTATCATTTAAAGCAGAATGAGTGCGCCACTGTTATACGGCGCCGATAAATCGAATACCGTTGACGAAAGTGACTTTACAGGGGCCACCTGGAAGCAACGAAAGCTGGGACA"
"ASV000175","CACCGCGGTTATACGAGGGGCCCAAGTTGATAGACACCGGCACAAAATGTGGTAAGTACAAAAAGATACTAAAGCCGAACGCCTTCAAGACTGTTATAAGTTTTCGAAAATAGGAAGCCTACCCACGAAAGTGGCTTTAAGATATATGATCCACGAAAGCTAGGGTA"
"ASV000176","CACCGCGGTTAAACGAGAGGCCCAAGTTGATAACACCACGGCGTAAAGGGTGGTTAAGGAAAGCAGCATAATAAAGCCAAATGGCCCTTTGGCCGTCATACGCTTCTAGGTGTCCGAAGCCCAACCACACGAAAGTAGCTTTAATAAAGCCCACCTGACCCCACGAAAGCTGAGAAA"
"ASV000177","CACCGCGGTTATACGAGAGGCCCAAGTTGATAGTATTCGGCGTAAAGAGTGGTTAAACTAGACTTAAGCTAAAGACGAACTCCCTCATGGCTGTTATACGCACCCGAGGGTAAGAAGCCCCTCCACGAAAGTGGCTTTAATAATTTTGATCCCACGAAAGCTGAGAAA"
"ASV000178","CACCGCGGTTAAACGAGAGGCCCCAGTTGACAATACAACGGCGTAAAGGGTGGTTAGGGAGTGCAAAACAATAAAGCCAAATGGCCCCTTGGCCGTCATACGCTTCTAGGTGCCCGAAGCCCAATATACGAAAGTAGCTTTAAAAAGCCAACCTGACGCCACGAAAGCTGAGAAA"
"ASV000179","CACCGCGGTTATACGAAAGACCCAAGCTGATAGATGCCGGCGTAAAGAGTGGTTAAGTATCTTGATAGAACTAAAGCCGAACGCCCTCAAGACCGTTATACGTTTCCGAAGGTATGAAGACCAACTACGAAAGTAACTTTAACTATATCCGACTCCACGAAAGCTGTGAAA"
"ASV000180","CACCGCGGTTATACGACATGCCCAAGTTGACTGGTGTCGGCGTAAAGAGTGGTTAACTAACGATCATTATAAAGCCGAAATTCCCCTAAGCTGTTATACGTCAAATCAAAAAGGAATCGCTGGTACGAAAGTAGCTTTAGTTATGATGCATGAACCCACGAAAGCTAAGAAA"
"ASV000181","CACCGCGGTTATACTGGAGGCCCAAGTTGCTAGGAGTCGGCGTAAAGGGTGGTTAAGAACAAAACTAAAATTAAAGTCGAACATCTTCCGAGCTGTTATACGCATCCGAAGGTAAGAAGCTCAAATGCGAAAGTAGCTTTATATCTTCTGAATCCACGAAAGCTGAGATA"
"ASV000182","CACCGCGGTTAGACGAGAGGCCCTAGTTGATATTACAACGGCGTAAAGGGTGGTTAAGGATAAACAAAAATAAAGTCAAATGGCCCCTTGGCCGTCATACGCTTCTAGGCGTCCGAAGCCCTAATACGAAAGTAACTTTAATAAACCCACCTGACCCCACGAAATCTGAGAAA"
"ASV000183","CACCGCGGCTATACGAGAGACCCAAGTTGATACCATTCGGCGTAAAGAGTGGTTATGGAAAATAAAGACTAAAGCCGCACACCTTCAAAGCTGTTATACGCATCCGAAGGCTAGAAGATCAACCACGAAGGTAGCTTTACAACCCCTGACCCCACGAAAGCTCTGGCA"
"ASV000184","CACCGCGGTTAGACGACAGGCCCTAGTTGAGCCACACCAGGCGTAAAGGGTGGTTAGGACGGGCGACGTTTAAAGTCAAAGAAGCTCCATGCCGTTATACGATGGTTAGTTCCGGAACGGCAGGAACGAAAGTAACTTTATAAGTGTATGCCGAACCCACGAAAGATGAGAAA"
"ASV000185","CACCGCGGTTATACGAGGGGCTCAAATTGAGTTGTGGCGGCGTAAAGCGTGATTATTGACCTCATCTCGTAAAGCCAAATTTCCGCGTAGCTGTCATACGAAGTACCGGCTGGGGAAACTCAGGGACTAAAGTGGCTTTAGGTAGGAGGAACCCACGACAGTTGAGAAA"
"ASV000186","CACCGCGGTTATACGGGAGGCCCAAGTTGCTAGGAGTCGGCGTAAAGTGTGGTTAAGAACAAAACTAAAATTAAAGTCGAACATCTTCCGAGCTGTTATACGCATCCGAAGGTAAGAAGCTCAAATGCGAAAGTAGCTTTATATCTTCTGAATCCACGAAAGCTGAGATA"
"ASV000187","CACCGCGGTTATACGACAGGCCCAAGTTGACTGGTGTCGGCGTAAAGAGTGGTTAACTAACGATCATTATAAAGCCGAAATTCCCCTAAGCTGTTATACGTCAAATCAAAAAGGAATCGCTGGTAAGAAAGTAGCTTTAGTTATGATGCATGAACCCACGAAAGCTAAGAAA"
"ASV000188","CACCGCGGTTATACGTGAGGCCCAAGTTGCTAGGAGTCGGCGTAAAGGGTGGTTAAGAACAAAACTAAAATTAAAGTCGAACATCTTCCGAGCTGTTATACGCATCCGAAGGTAAGAAGCTCAAATGCGAAAGTAGCTTTATATCTTCTGAATCCACGAAAGCTGAGATA"
"ASV000189","CACCGCGGTTAGACGAGAGGCCCTAGTTGATATTACAACGGCGTAAAGGGTGGTTAAGGATAAACAAAAATAAAGTCAAATGGCCCCTTGGCCGCCATACGCTTCTAGGCGTCCGAAGCCCTAATACGAAAGTAACTTTAATAAACCCACCTGACCCCACGAAAGCTGAGAAA"
"ASV000190","CACCGCGGTTATACGAGAGAGCCTAGTTGAGGGTTTCGGCGTAAAGAGTGGTTATGCTGGCGTATCATTTAAAGCAGAATGAGTGCGCCACTGTTATACGGCGCCGATAAATCGAATACCGTTGACGAAAGTGACTTTACAGGGGCCACCTGGAAGCCACGAAAGCTGGGACA"
"ASV000191","CACCGCGGTTATACGAGAGACCCTAGTTGATTGAAGCGGCGTAAAGAGTGGTTATGGAGTTTTCTACCCTAAAGCAGAAAACCTCTCAAACTGTTATACGCACCCAGAGGTTGAAACCCCTTACACGAAAGTGACTTTATTTTAGCCTACCAGAAGCCACGAAAGCTGGGACA"
"ASV000192","CACCGCGGTTAGACGAGAGGCCCTAGTTGATATTACAACGGCGTAAAGGGTGGTTAAGGATAAACAAAAATAAAGTCAAATGGCCCCTTGGCCGTCATACGCTTCTAGGAGTCCGAAGCCCTAATACGAAAGTAACTTTAATAAACCTACCTGACCCCACGAAAGCTGAGAAA"
"ASV000193","CACCGCGGTTATACGAGAGGCCCAAGTTGATAGTATTCGGCGTAAAGAGTGGTTAAACTAGACTTAAGCTAAAGCCGAACTCCCTCATGGCTGTTATACGCACCCGATGGTAAGAAGCCCCTCCACGAAAGTGGCTTTAATAATTTTGATCCCACGAAAGCTGAGAAA"
"ASV000194","CACCGCGGTTATACGACAGGCCCAAGTTGACGTACTATGGCGTAAAGAGTGGTTACGTGTCGCACCTGGTAAAGCCGAAGCCCCTCTAGGCTGTTATACGAGACAGAATCGGCGAAGCTCGCGCACGAAAGTAGCTTTAGCGGAGATATGCGAACCCACGAAAGCTAAGAAA"
"ASV000195","CACCGCTGTTATACGGGAGGCCCAAGTTGCTAGGAGTCGGCGTAAAGGGTGGTTAAGAACAAAACTAAAATTAAAGTCGAACATCTTCCGAGCTGTTATACGCATCCGAAGGTAAGAAGCTCAAATGCGAAAGTAGCTTTATATCTTCTGAATCCACGAAAGCTGAGATA"
"ASV000196","CACCGCGGTTATACGAGAGGCTCGAGTTGATAATCTCGGCGTAAAGAGTGGTTATGGAGAAGACTAAACTAAAGCTGAAGACCCCCCAGGCTGTTTAACGCATGCGGGTGTTCGAACCACTTATACGAAAGTAGCTTTAACGCATTCCACCAGAATCCACGACAGCTGGGAAA"
"ASV000197","CACCGCGGTTATACGGTAGGCCCAAGTTGCTAGGAGTCGGCGTAAAGGGTGGTTAAGAACAAAACTAAAATTAAAGTCGAACATCTTCCGAGCTGTTATACGCATCCGAAGGTAAGAAGCTCAAATGCGAAAGTAGCTTTATATCTTCTGAATCCACGAAAGCTGAGATA"
"ASV000198","CACCGCGGTTATACGAGGGGCCCAAGTTGAATATAAACGGCGTAAAGGGTGGTTAAGCCACACCCTACTGGTAAAGCCGAATCTCGCCCACGCTGTTATACGTGAGCCATATCGAGAAAGACTCCAACGAAAGTGGCTTTACCACATTTGAACCTACGAAAGCTGGGGCA"
"ASV000199","CACCGCGGTTATACGGGAGGCCCAAGTTGCTAGGAGTCTGCGTAAAGGGTGGTTAAGAACAAAACTAAAATTAAAGTCGAACATCTTCCGAGCTGTTATACGCATCCGAAGGTAAGAAGCTCAAATGCGAAAGTAGCTTTATATCTTCTGAATCCACGAAAGCTGAGATA"
"ASV000200","CACCGCGGTTATACGGGAGGCCCAAGTTGCTAGGAGTCGGCGTAAAGGGTTGTTAAGAACAAAACTAAAATTAAAGTCGAACATCTTCCGAGCTGTTATACGCATCCGAAGGTAAGAAGCTCAAATGCGAAAGTAGCTTTATATCTTCTGAATCCACGAAAGCTGAGATA"
"ASV000201","CACCGCGGTTATACGGGAGGCCCAAGTTGCTAGGAGTCGGCGTAAATGGTGGTTAAGAACAAAACTAAAATTAAAGTCGAACATCTTCCGAGCTGTTATACGCATCCGAAGGTAAGAAGCTCAAATGCGAAAGTAGCTTTATATCTTCTGAATCCACGAAAGCTGAGATA"
"ASV000202","CACCGCGGTTATACGGGAGGCCCAAGTTGCTAGGAGTCGACGTAAAGGGTGGTTAAGAACAAAACTAAAATTAAAGTCGAACATCTTCCGAGCTGTTATACGCATCCGAAGGTAAGAAGCTCAAATGCGAAAGTAGCTTTATATCTTCTGAATCCACGAAAGCTGAGATA"
"ASV000203","CACCGCGGTTATACGGGATGCCCAAGTTGCTAGGAGTCGGCGTAAAGGGTGGTTAAGAACAAAACTAAAATTAAAGTCGAACATCTTCCGAGCTGTTATACGCATCCGAAGGTAAGAAGCTCAAATGCGAAAGTAGCTTTATATCTTCTGAATCCACGAAAGCTGAGATA"
"ASV000204","CACCGCGGTTAGACGAGAGGCCCTAGTTGATATTACAACGGCGTAAAGGGTGGTTAAGGATAAACAAAAATAAAGTCAAGTGGCCCCTTGGCCGTCATACGCTTCTAGGCGTCCGAAGCCCTAATACGAAAGTAACTTTAATAAACCCGCCTGACCCCACGAAAGCTGAGAAA"
"ASV000205","CACCGCGGTTATACGGGAGGCCCAAGTTGCTAGGAGTCGGCGTAAAGGGTGGTTAAGAACAAAACTAAAATTAAAGTCGAACATCTTCCGAGCTGTTATACGCATCCGAAGGTAAGAAGCTCAAATGTGAAAGTAGCTTTATATCTTCTGAATCCACGAAAGCTGAGATA"
"ASV000206","CACCGCGGTTATACGAGGGGCTCAAATTTAGTTGTGGCGGCGTAAAGCGTGATTATTGACCTCATCTCGTAAAGCCAAATTTCCGCGTAGCTGTCATACGAAGTACCGGCTGGGGAAACTCAGGGACGAAAGTGGCTTTAGGTAGGAGGAACCCACGACAGTTGAGAAA"
"ASV000207","CACCGCGGTTAGACGAGAGGCCCTAGTTGATATTACAACGGCGTAAAGGGTGGTTAAGGATAAACAAAAATAAAGTCAAATGGCCCCTTGGTCGTCATACGCTTCTAGGCGTCCGAAGCCCTAATACGAAAGTAACTTTAATAAACCCACCTGACCCCACGAAAGCTGAGAAA"
"ASV000208","CACCGCGGTTATACGAGGGGCTCAAATTGAGTTGTGGCGGCGTAAAGCGTGATTATTGACCTCATCTCGTAAAGCCAAATTTCCGCGTAGCTGTCATACGAATTACCGGCTGGGGAAACTCAGGGACGAAAGTGGCTTTAGGTAGGAGGAACCCACGACAGTTGAGAAA"
"ASV000209","CACCGCGGTTATACGAGAGGTTCAAGCTGATAGATAACGGCGTAAAGAGTGGTTAATTTAAAAGAGAAGCTAAAGTGGAATGTTTTCAAAGCTGTTATACGCACCCGAAAATAAGAAGACCAAGAACGAAAGTAACTTTAACTTTATGAGTCCACGAAAACTATGAAA"
"ASV000210","CACCGCGGTTAGACGAGAGGCCCTAGTTGATATTACAACGGCGTAAAGGGTGGTTAAGGATAAACAAAAATAAAGTCAAATGGCCCCTTGGCCGTCATACGCTTCTAGGCGTCCGAAGTCCTAATACGAAAGTAACTTTAATAAACCCACCTGACCCCACGAAAGCTGAGAAA"
"ASV000211","CACCGCGGTTATACGAGAGGCTCAAGTTGACAGACAAAGGCGTAAAGAGTGGTTAAGGAAAACATTCAACTAAAGCGGAACCCCCTCATTGCTGTTATACGCTTCCGAGGGAATGAACCCCAACTACGAAGGTGGCTTTATATTAACCTGAACCCACGAAAGCTAAGAAA"
"ASV000212","CACCGCGGTTATACGAGAGGCCCAAGCTGACAGCCCTTCGGCGTAAAGCGTGGTTAGAGTAGAAAGATAAATTAAAGCCGAATGCTCCCTAAGCTGTTATACGCTCTCGAGAGCTAGAAGATCTTTTACGAAAGTAGCTTTATTACATTGAATCCACGAAAGCTAAGATA"
"ASV000213","CACCGCGGTTATACGAGAGACCCAAGTTGTTAGCCAACGGCGTAAAGGGTGGTTAGAACTATAAACAACAAACTTAGACCGAACACCTTCAAGGCTGTTATACGCTTCCGAAGCAACGAAGAACAATAACGAAAGTAGCCTCACTAACTCGAACCCACGAAAGCTAGGGCA"
"ASV000214","CACCGCGGTTAGACGAGAGGCCCTAGTTGATATTACAACGGCGTAAAGGGTGGTTAAGGATAAACAAAAATAAAGTCAAATGGCCCCTTGGCCGTCATACGCTTCTAGGCGTCCGAAGCCCTAATACGAAAGTAACTTTAATAAACCCACCTGACACCACGAAAGCTGAGAAA"
"ASV000215","CACCGTGGTTATACGACAGGCCCAAGTTGACTGGTGTCGGCGTAAAGAGTGGTTAACTAACGATCATTATAAAGCCGAAATTCCCCTAAGCTGTTATACGTCAAATCAAAAAGGAATCGCTGGTACGAAAGTAGCTTTAGTTATGATGCATGAACCCACGAAAGCTAAGAAA"
"ASV000216","CACCGCGGTTATACGACAGGCCCAAGTTGATCTTGAACGGCGTAAAGAGTGGTTAGATTTCCCTACTGCTAAAGCCGAAGCACCGCCGTGCTGTCATACGTGCCTCACAGTGAGAAGGGCGAAAACGAAAGTAGCTTTATTTCCGTCACGCGAACCCACGAAAGCTAAGAAA"
"ASV000217","CACCGCGGTTATACGGGAGTCCCAAGTTGCTAGGAGTCGGCGTAAAGGGTGGTTAAGAACAAAACTAAAATTAAAGTCGAACATCTTCCGAGCTGTTATACGCATCCGAAGGTAAGAAGCTCAAATGCGAAAGTAGCTTTATATCTTCTGAATCCACGAAAGCTGAGATA"
"ASV000218","CACCGCGGTTATACGAGAGGCCCAAGCTGACAGCCCTTCGGCGTAAAGCGTGGTTAGAATAGAAAGATAAATTAAAGCCGAATGCTCCCTAAGCTGTTATACACTCTCGAGAGCTAGAAGATCTTTTACGAAAGTAGCTTTATTACATTGAATCCACGAAAGCTAAGATA"
"ASV000219","CACCGCAGTTAGACGAGAGGCCCTAGTTGATATTACAACGGCGTAAAGGGTGGTTAAGGATAAACAAAAATAAAGTCAAATGGCCCCTTGGCCGTCATACGCTTCTAGGCGTCCGAAGCCCTAATACGAAAGTAACTTTAATAAACCCACCTGACCCCACGAAAGCTGAGAAA"
"ASV000220","CACCGCGGTTATACGAGGGGCTCAAATTGAGTTGTGGCGGCGTAAAGCGTGATTATTGACCTCATCTCGTAAAGCCAAATTTCCGCGTAGCTGTCATACGAAGTACCGGCTGGGGAAACTCAGGGACGAAAGTGGCTTTAGGTATGAGGAACCCACGACAGTTGAGAAA"
"ASV000221","CACCGCGGTTATACGACATGCCCAAGTTGATATCCCACGGCGTAAAGAGTGGTTAGAACCGGAAACGCGTAAAGCCGAAGAACATCAGTGCTGTTATACGCATTCGATTAGGTGAATTTCAGTAACGAAAGTAGCTTTACCGATCAAATCCGAACCCACGAAAGCTAAGAAA"
"ASV000222","CACCGCGGTCATACAAGAGACCCAAATCAACTGTTCCACACAAGCGGCGTAAAGAGTGGTAATATGCCTATCCTATCTAACTAAGATCAAAATGCAACTAAGCTGTCGCAAGCACAAGATGCACCTAAACACACCATCAAGATGATCTTAGCAACTAGCGATCGATTTAAACCCACGAAAGCCAGGGCC"
"ASV000223","CACCGCGGTTATACGACAGGCCCAAGTTGACTTAGCCCGGCGTAAAGAGTGGTTATTTGAATTAAGATCTAAAGCCGAATTTCGACGCAGCTGTTATACGGATTCTGGATTCAGAATGCCCGATACGAAAGTAGCTTTACCAGTGCGATTAGAACCCACGAAAGCTAAGAAA"
"ASV000224","CACCGCGGTTATACGGGAGGCCCAAGTTGCTAGTAGTCGGCGTAAAGGGTGGTTAAGAACAAAACTAAAATTAAAGTCGAACATCTTCCGAGCTGTTATACGCATCCGAAGGTAAGAAGCTCAAATGCGAAAGTAGCTTTATATCTTCTGAATCCACGAAAGCTGAGATA"
"ASV000225","CACCGCGGTTAGACGAGAGGCCCTAGTTGATATTACAACGGCGTAAAGGGTGGTTAAGGATAAATAAAAATAAAGTCAAATGGCCCCTTGGCCGTCATACGCTTCTAGGCGTCCGAAGCCCTAATACGAAAGTAACTTTAATAAACCCACCTGACCCCACGAAAGCTGAGAAA"
"ASV000226","CACCGCGGTTAAACGAGAAGCTCAAGTTGACAAGCAACGGCACAAAGCGTGGTTAGGGACTAATCTTAAACTAAAGCCAAACCATTTCAGAGCCGTTATACGCATACGAAAACATGAAGCCCAACAACGAAAGTGGCTTTACCCCCCCCCCTGAACCCACGAAAGCTAAGAAA"
"ASV000227","CACCGCGGTTATACGGGAGGCCCGAGTTGCTAGGAGTCGGCGTAAAGGGTGGTTAAGAACAAAACTAAAATTAAAGTCGAACATCTTCCGAGCTGTTATACGCATCCGAAGGTAAGAAGCTCAAATGCGAAAGTAGCTTTATATCTTCTGAATCCACGAAAGCTGAGATA"
"ASV000228","CACCGCGGTTATACATAAAGACCTAGCCAATAAACCCACGGTAAAAATTGTGGTACGGGAATCGTACCAAATGAAATAAAAGTAAACTTTGGCAGTAACAAGCTAACAGCCCCCAAATTACAAAAAACATGTACCTAATCTCAGCCCGCCCCCAAACCACCAAAGCTCCAAGA"
"ASV000229","CACCGCGGTTAGACGAGAGGCCCTAGTTGATATTACAACGGCGTAAAGGGTGGTTAAGGATAGACAAAAATAAAGTCAAATGGCCCCTTGGCCGTCATACGCTTCTAGTAGCCCGAAGCCCTAATACGAAAGTAACTTTAATAAACCCACCTGACCCCACGAAAGCTGAGAAA"
"ASV000230","CACCGCTGTTAGACGAGAGGCCCTAGTTGATATTACAACGGCGTAAAGGGTGGTTAAGGATAAACAAAAATAAAGTCAAATGGCCCCTTGGCCGTCATACGCTTCTAGGCGTCCGAAGCCCTAATACGAAAGTAACTTTAATAAACCCACCTGACCCCACGAAAGCTGAGAAA"
"ASV000231","CACCGCGGTTATACGGGAGGCCCAAGTTGCTAGGAGTCGTCGTAAAGGGTGGTTAAGAACAAAACTAAAATTAAAGTCGAACATCTTCCGAGCTGTTATACGCATCCGAAGGTAAGAAGCTCAAATGCGAAAGTAGCTTTATATCTTCTGAATCCACGAAAGCTGAGATA"
"ASV000232","CACCGCGGTTAGACGAGAGGCCCTAGTTGATATTACAACGGCGTAAATGGTGGTTAAGGATAAACAAAAATAAAGTCAAATGGCCCCTTGGCCGTCATACGCTTCTAGGCGTCCGAAGCCCTAATACGAAAGTAACTTTAATAAACCCACCTGACCCCACGAAAGCTGAGAAA"
"ASV000233","CACCGCTGTTATACGAGAGGCCCAAGCTGACAGCCCTTCGGCGTAAAGCGTGGTTAGAATAGAAAGATAAATTAAAGCCGAATGCTCCCTAAGCTGTTATACGCTCTCGAGAGCTAGAAGATCTTTTACGAAAGTAGCTTTATTACATTGAATCCACGAAAGCTAAGATA"
"ASV000234","CACCGCGGTTATACGAAAGACCCTAGTTAATAGACACGGCGTAAAGGGTGGTTAAGGAATATAATAAATAAAGCTAAAGACCCTCTAAGCCGTTATACGCACTCCGAGGATACGAAGCCCAAACACGAAAGTAGCTTTAAACCCCTCCTGACCCCACAAAAGCTAAGAAA"
"ASV000235","CACCGCGGTTATACGACAGGCCCAAGTTGACGTACTACGGCGTAAAGAGTGGTTACGTGTCGCACCTGGTAAAGCCGAAGCCCCTCTAGGCTGTTATACGAGACAGAATCGGCGAAGCTCGCACACGAAAGTAGCTTTAGCGGAGATATGCGAACCCACGAAAGCTAAGAAA"
"ASV000236","CACCGCGGTTATACGAGAGGCCCAAGTTGACAGATGCCGGCGTAAAATGTGGTCAATATACTAATATACTAAAGCCAAACATCTTCAGGGCTGTTATACGCTATCGGAGACAGGAGATTCTTCCACGAAAGTGACTTTAAATAATATTATTCCACGAAAGTCGGGGAA"
"ASV000237","CACCGCGGTTAGACGAGAGGCCCTAGTTGATATTACAACGGCGTAAAGGGTTGTTAAGGATAAACAAAAATAAAGTCAAATGGCCCCTTGGCCGTCATACGCTTCTAGGCGTCCGAAGCCCTAATACGAAAGTAACTTTAATAAACCCACCTGACCCCACGAAAGCTGAGAAA"
"ASV000238","CACCGCGGTTATACGGGAGGCCCAAGTTGCTAGGAGTCGGCGTAAAGGGTGGTTAAGAACAAAACTAAAATTAAAGTCGAACATCTTACGAGCTGTTATACGCATCCGAAGGTAAGAAGCTCAAATGCGAAAGTAGCTTTATATCTTCTGAATCCACAAAAGCTGAGATA"
"ASV000239","CACCGCGGTTATACGAGTGGCCCAAGTTGAAAGTTACCGGCGTAAAGAGTGGTTAGGGAAACAAAAAACTAAAGCCGAACACCCTCCAGGCCGTTATACGCTTCTGAGGACACGAAGCTCCACTACGAAAGTGGCTTTAACACACCTGAACCCACGACAACTAAGATA"
"ASV000240","CACCGCGGTTAGACGACAGGCCCTAGTTGAGCCACACCCGGCGTAAAGGGTGGTTAGGACGGGCGACGTTTAAAGTCAAAGAAGCTCCATGCCGTTATACGATGGTTAGTTCCGGAACGGCAGGAACGAAAGTAACTTTATAAGTGTATGCCGAACCCACGAAAGATGAGAAA"
"ASV000241","CACCGCGGTTAGACGAGAGGCCCTAGTTGATATTACAACGGCGTAAAGGGTGGTTAAGGATAGACAAAAATAAAGTCAAATGGCCCCTTGGCCGTCATACGCTTCTAGGAGTCCGAAGCCCTAATACGAAAGTAACTTTAATAAACCCACCTGACCCCACGAAAGCTGAGAAA"
"ASV000242","CACCGCGGTTATACGGGAGGCCCAAGTTGCTAGGAGTCGGCGTAAAGGGTGGTTAAGAACAAAACTAAAATTAAAGTCGAACATCTTCCGAGCTGTTATACGCATCCGAAGGTAAGAAGCTCAAATGCGAAAGTAGCTTTATATCTTCTGAATCCGCGAAAGCTGAGATA"
"ASV000243","CACCGCGGTTATACGGGAGGCCCAAGTTGCTAGGAGTCGGCATAAAGGGTGGTTAAGAACAAAACTAAAATTAAAGTCGAACATCTTCCGAGCTGTTATACGCATCCGAAGGTAAGAAGCTCAAATGCGAAAGTAGCTTTATATCTTCTGAATCCACGAAAGCTGAGATA"
"ASV000244","CACCGCGGTTATACGAGAGGCCCAAGTTGAAAGACATCGGCGTAAAGAGTGGTTAAGTTAGAACTTAAACTAAAGCCGAACGTCCTCAAGGCTGTTATACGCACCCGAGGATGAGAAGTTCAACCACGAAGGTGGCTTTATTTAACCTGAACCCACGAAAGCTATGGCA"
"ASV000245","CACCGCGGTTAGACGAGATGCCCTAGTTGATATTACAACGGCGTAAAGGGTGGTTAAGGATAAACAAAAATAAAGTCAAATGGCCCCTTGGCCGTCATACGCTTCTAGGCGTCCGAAGCCCTAATACGAAAGTAACTTTAATAAACCCACCTGACCCCACGAAAGCTGAGAAA"
"ASV000246","CACCGCGGTTAGACGAGAGGCCCTAGTTGATATTATAACGGCGTAAAGGGTGGTTAAGGATAAACAAAAATAAAGTCAAATGGCCCCTTGGCCGTCATACGCTTCTAGGAGTCCGAAGCCCTAATACGAAAGTAACTTTAATAAACCCACCTGACCCCACGAAAGCTGAGAAA"
"ASV000247","CACCGCGGTTATACGGGAGGCCCAAGTTGCTAGGAGTCGGCGTAAAGGTTGGTTAAGAACAAAACTAAAATTAAAGTCGAACATCTTCCGAGCTGTTATACGCATCCGAAGGTAAGAAGCTCAAATGCGAAAGTAGCTTTATATCTTCTGAATCCACGAAAGCTGAGATA"
"ASV000248","CACCGCGGTTATACGAGAGGCCCAAGCTGACAGCCATCGGCGTAAAATGTGGTTAAATTAACTTAAGATAATAAAGTCGAATGCTCTCATAACTGTTATACGTACTCGAAAGCCAGAAGCTCCCCTACGAAAGTGACTTTAGAATTATTGAACCCAGGAAAGCTAAGATA"
"ASV000249","CGTGTTTGGAGTCACGCAGGAGCCCTTCATTGTCTTTACATCCAACATCTTTGCTATAGCCGGATTAAGGTCGTTATTTGGAGTATTATCTCAAGCAGTAGCAGATTTGAAGTATTTGGAGAAAGCTGTAGGAGTAGTGCTGGCAGTCATCAGTGC"
"ASV000250","CACCGCGGTTATACGGGAGGCCCAAGTTGCTAGGAGTCGGCGTAAAGGGTGGTTAAGAACAAAACTAAAATTAAAGTCGAACATCTTCCGAGCTGTTATACGCATCCGAAGGTAAGAAGCTCAAATGCGAAAGTAGCTTTATATCTTCTGAATCCACGAAAGCTGGGATA"
"ASV000251","CACCGCGGTTATACGAAAGACCCAAGCTGATAGATGCCGTCGTAAAGAGTGGTTAAGTATCTTGATAGAACTAAAGCCGAACGCCCTCAAGACCGTTATACGTTTCCGAAGGTATGAAGCCCAACCACGAAAGTAACTTTAATTATATCCGACTCCACGAAAGCTGTGAAA"
"ASV000252","CACCGCGGTCATACAAGAGACCCAAATCAACTGTCCCATACAAGCGGCGTAAAGAGTGGTAAAATGCCTATCCTATCCAACTAAGATCAAAATGCAGCCAAGCTGTCGCAAGCACAAGATGCACCTAAACACACCATAAAGATGATCTTAGCAACTAGCGATCGATTTAAGCCCACGAAAGCCAGGGCC"
"ASV000253","CACCGCGGTTATACGAGATGCCCAAGCTGACAGCCCTTCGGCGTAAAGCGTGGTTAGAATAGAAAGATAAATTAAAGCCGAATGCTCCCTAAGCTGTTATACGCTCTCGAGAGCTAGAAGATCTTTTACGAAAGTAGCTTTATTACATTGAATCCACGAAAGCTAAGATA"
"ASV000254","CACCGCGGTTAGACGAGAGGCCCTAGTTGATATTACAACGGCGTAAAGGGTGGTTAATGATAAACAAAAATAAAGTCAAATGGCCCCTTGGCCGTCATACGCTTCTAGGCGTCCGAAGCCCTAATACGAAAGTAACTTTAATAAACCCACCTGACCCCACGAAAGCTGAGAAA"
"ASV000255","CACCGCGGTTATACGGGAGGCCCAAGTTGCTAGGAGTCAGCGTAAAGGGTGGTTAAGAACAAAACTAAAATTAAAGTCGAACATCTTCCGAGCTGTTATACGCATCCGAAGGTAAGAAGCTCAAATGCGAAAGTAGCTTTATATCTTCTGAATCCACGAAAGCTGAGATA"
"ASV000256","CACCGCGGTTATGCGGGAGGCCCAAGTTGCTAGGAGTCGGCGTAAAGGGTGGTTAAGAACAAAACTAAAATTAAAGTCGAACATCTTCCGAGCTGTTATACGCATCCGAAGGTAAGAAGCTCAAATGCGAAAGTAGCTTTATATCTTCTGAATCCACGAAAGCTGAGATA"
"ASV000257","CACCGCGGTTAGACGAGAGGCCCTAGTTGATATTACAACGGCGTAAAGGGTGGTTAAGTATAAACAAAAATAAAGTCAAATGGCCCCTTGGCCGTCATACGCTTCTAGGCGTCCGAAGCCCTAATACGAAAGTAACTTTAATAAACCCACCTGACCCCACGAAAGCTGAGAAA"
"ASV000258","CACCGCGGTTATACGGGAGGCCCAAGTTGCTAGGAGTCGGCGTAAAGGGTGGTTAAGAACAAAACTAAAATTAAAGTCGAACATCTTCCGAGCTGTTATACGCATCCGAAGGTAAGAAGCTCAAATGCGAAAGTAGCTTTATATCTTCCGAATCCACGAAAGCTGAGATA"
"ASV000259","CACCGCGGCTATACGAGAGGCCCAAGTTGATACCATTCGGCGTAAAGAGTGGTTATGGAAAATAAAAACTAAAGCCGCACGCCTTCAAAGCTGTTATACGCATCCGAAGGTTAGAAGATCAATCACGAAGGTAGCTTTACAACCCCTGACCCCACGAAAGCTCCGGCA"
"ASV000260","CACCGCGGTTAGACTAGAGGCCCTAGTTGATATTACAACGGCGTAAAGGGTGGTTAAGGATAAACAAAAATAAAGTCAAATGGCCCCTTGGCCGTCATACGCTTCTAGGCGTCCGAAGCCCTAATACGAAAGTAACTTTAATAAACCCACCTGACCCCACGAAAGCTGAGAAA"
"ASV000261","CACCGCGGTTATACGGGAGGCCCAAGTTGCTAGGAGTCGGCGTAAAGGGTGGTTAAGAACAAAACTAAAATTAAAGTCGAACATCTTCCGAGCTGTTATACGCATCCGAAGGTAAGAAGCTCGAATGCGAAAGTAGCTTTATATCTTCTGAATCCACGAAAGCTGAGATA"
"ASV000262","CACCGCGGTTATACGAGAGGCCCAAGCTGACAGCCCTTCGGCATAAAGCGTGGTTAGAATAGAAAGATAAATTAAAGCCGAATGCTCCCTAAGCTGTTATACGCTCTCGAGAGCTAGAAGATCTTTTACGAAAGTAGCTTTATTACATTGAATCCACGAAAGCTAAGATA"
"ASV000263","CACCGCGGTTATACGGGGGGCCCAAGTTGCTAGGAGTCGGCGTAAAGGGTGGTTAAGAACAAAACTAAAATTAAAGTCGAACATCTTCCGAGCTGTTATACGCATCCGAAGGTAAGAAGCTCAAATGCGAAAGTAGCTTTATATCTTCTGAATCCACGAAAGCTGAGATA"
"ASV000264","CACCGCGGTTATACGGGAGGCCCAAGTTGCTAGGAGTCGGCGTAAAGGGTAGTTAAGAACAAAACTAAAATTAAAGTCGAACATCTTCCGAGCTGTTATACGCATCCGAAGGTAAGAAGCTCAAATGCGAAAGTAGCTTTATATCTTCTGAATCCACGAAAGCTGAGATA"
"ASV000265","CACCGCGGTTACACGGGAGGCCCAAGTTGCTAGGAGTCGGCGTAAAGGGTGGTTAAGAACAAAACTAAAATTAAAGTCGAACATCTTCCGAGCTGTTATACGCATCCGAAGGTAAGAAGCTCAAATGCGAAAGTAGCTTTATATCTTCTGAATCCACGAAAGCTGAGATA"
"ASV000266","CACCGCGGTTATACGAGAGACCCAAGTTGTTAGCCAACGGCGTAAAGTGTGGTTAGAACTATAAACAACAAACTGAGACCGAACACCTTCAAGGCTGTTATACGCTTCCGAAGCAACGAAGAACAATAACGAAAGTAGCCTCACTTACTCGAACCCACGAAAGCTAGGGCA"
"ASV000267","CACCGCGGTTATACGAAAGACCCAAGCTGATAGATACCGGCGTAAAGAGTGGTTAAGTATCTTGATAGAACTAAAGCCGAACGCCCTCAAGACCGTTATACGTTTCCGAAGGTATGAAGCCCAACCACGAAAGTAACTTTAATTATATCCGACTCCACGAAAGCTGTGAAA"
"ASV000268","CACCGCGGTTATACGGGAGACCCAAGTTGGCAAACGTCGGCGTAAAATGTGGTTTATACAGTATTGCACTAAAGCTAAACTTCTTCAAGGCTGTTATACGCATTCGAAAGAAAGAGAATCTTCAACGAAAGTGGCTTTAAACATTATGAACCCACGAAAGCTAGGAAA"
"ASV000269","CACCGCTGTTATACGAGAGACCCAAGTTGTTAGCCAACGGCGTAAAGGGTGGTTAGAACTATAAACAACAAACTGAGACCGAACACCTTCAAGGCTGTTATACGCTTCCGAAGCAACGAAGAACAATAACGAAAGTAGCCTCACTTACTCGAACCCACGAAAGCTAGGGCA"
"ASV000270","CACCGCGGTTATACGAGAGGCCCAAGCTGACAACCCTTCGGCGTAAAGCGTGGTTAGAATAGAAAGATAAATTAAAGCCGAATGCTCCCTAAGCTGTTATACGCTCTCGAGAGCTAGAAGATCTTTTACGAAAGTAGCTTTATTACATTGAATCCACGAAAGCTAAGATA"
"ASV000271","CACCGCGGTTATACGAGAGGCCCAAGTTGATAAATGCCGGCGTAAAATGTGGTTAATATAATGTTTCACTAAAGCCAAACATCTTCAGAGCTGTCATACCCCCATGAAGACAGGAAGCCCTTCTACGAAAGTGGCTTTAAATAGTATCATCCACGAAAGCTAGGATA"
"ASV000272","CACCGCGGTCACACGATTAACCCAAGTCAATAGAAGCCGGCGTAAAGAGTGTTTTAGATAACCCCCTCCCCAATAAAGCTAAAACTCACCTGAGTTGTAAAAAACTCCAGTTGACACAAAATAGACTACGAAAGTGGCTTTAACATATCTGAACACACAATAGCTAAGACC"
"ASV000273","CTCGTGGCGGGCCAAAGAACAGGAATGGCCTGACTACAACCAAAACGAGGTCAGAGAACCCTACAGGAGACCAGAGAAGCAGCCGGCTGTGACGACGTTCCCCTATCTGCCTCCCCCGCCAGAGATGATGGAGATGACCGAGATGACTGGGAGTCGAACCCTGTTGCCAGTGGATGTCCC"
"ASV000274","CACCGCGGTTATACGAGTGGCCCAAGTTGAAAGTTACCGGCGTAAAGAGTGGTTAGGGAAACGAAAAACTAAAGCCGAACACCCTCCAGGCCGTTATACGCTTCTGAGGGCACGAAGCTCCACTACGAAAGTGGCTTTAACACACCTGAACCCACGACAACTAAGATA"
"ASV000275","CACCGCGGTTATACGACAGGCCCAAGTTGACGTACTACGGCGTAAAGAGTGGTTACGTGTCACACCTGGTAAAGCCGAAGCCCCTCTAGGCTGTTATACGAGACAGAATCGGCGAAGCTCGCGCACGAAAGTAGCTTTAGCGGAGATATGCGAACCCACGAAAGCTAAGAAA"
"ASV000276","CACCGCAGTTATACGGGAGGCCCAAGTTGCTAGGAGTCGGCGTAAAGGGTGGTTAAGAACAAAACTAAAATTAAAGTCGAACATCTTCCGAGCTGTTATACGCATCCGAAGGTAAGAAGCTCAAATGCGAAAGTAGCTTTATATCTTCTGAATCCACGAAAGCTGAGATA"
"ASV000277","CACCGCGGTTATACGGGAGGCCCAAGTTGCTAGGAGTCGGCGTAAAGGGTGGTTAAGAACAAAACTAAAATTAAAGTCGAACATCTTCCGAGCTGTTATACGCATCCGAAGGTAAGAAGCTCAAATGCGAAAGTAGCTTTATATCTTCTGAATCCACGAAAGCCGAGATA"
"ASV000278","CACCGCGGTTATACGAGAGACCCAAGTTGTTAGCCAACTGCGTAAAGGGTGGTTAGAACTATAAACAACAAACTGAGACCGAACACCTTCAAGGCTGTTATACGCTTCCGAAGCAACGAAGAACAATAACGAAAGTAGCCTCACTTACTCGAACCCACGAAAGCTAGGGCA"
"ASV000279","CACCGCGGTTATACGAGAGACCCAAGTTGTTAGCCAACGGCGTAAAGGGTTGTTAGAACTATAAACAACAAACTGAGACCGAACACCTTCAAGGCTGTTATACGCTTCCGAAGCAACGAAGAACAATAACGAAAGTAGCCTCACTTACTCGAACCCACGAAAGCTAGGGCA"
"ASV000280","CACCGCGGTCATACAAGAAGCCCAAATTAACCGTCACCCGGCGTAAAGAGTGGTAACTTACTATTATCTAACTAGGATCAAAGTACAACTAAGCTGTCATAAGCCCATGATGTACCTAAAACCACCCTAAAAACGATCCTAGCACTAACGATCAACTAAACACCACGAAAGCCAAGACA"
"ASV000281","CACCGCGGTTAAACGAGAAGCTCAAGTTGACAAGCAACGGCACAAAGCGTGGTTAGGGACTAATCTTAAACTAAAGCCAAACCATTTCAGAGCCGTTATACGCATACGAAAACATGAAGCCCAACAACGAAAGTGGCTTTACCCACCCCCCTGAACCCACGAAAGCTAAGAAA"
"ASV000282","CACCGCGGTTATACGAGAGGCCCAAGCTGGCAGCCCTTCGGCGTAAAGCGTGGTTAGAATAGAAAGATAAATTAAAGCCGAATGCTCCCTAAGCTGTTATACGCTCTCGAGAGCTAGAAGATCTTTTACGAAAGTAGCTTTATTACATTGAATCCACGAAAGCTAAGATA"
"ASV000283","CACCGCGGTTATACGAGGTGCTCAAATTGAGTTGTGGCGGCGTAAAGCGTGATTATTGACCTCATCTCGTAAAGCCAAATTTCCGCGTAGCTGTCATACGAAGTACCGGCTGGGGAAACTCAGGGACGAAAGTGGCTTTAGGTAGGAGGAACCCACGACAGTTGAGAAA"
"ASV000284","CACCGCGGTTATACGAGAGACCCAAGTTGTTAGCCAGCGGCGTAAAGGGTGGTTAGAACTATAAACAACAAACTGAGACCGAACACCTTCAAGGCTGTTATACGCTTCCGAAGCAACGAAGAACAATAACGAAAGTAGCCTCACTTACTCGAACCCACGAAAGCTAGGGCA"
"ASV000285","CACCGCGGTTAGACGAGAGGCCCTAGTTGATATTACAACGGCGTAAAGGGTGGTTAAGGATAAACAAAAATAAAGTCAAATGGCCCCTTGGCCGTCATGCGCTTCTAGGCGTCCGAAGCCCTAATACGAAAGTAACTTTAATAAACCCACCTGACCCCACGAAAGCTGAGAAA"
"ASV000286","CACCGCGGTTAGACGAGAGGCCCTAGTTGATATTACAACGGCGTAAAGGGTGGTTAAGGATAAACAAAAATAAAGTCAAATGGCCCCTTGGCCGTCATACGCTTCTGGGCGTCCGAAGCCCTAATACGAAAGTAACTTTAATAAACCCACCTGACCCCACGAAAGCTGAGAAA"
"ASV000287","CACCGCGGTTAGACGAGAGGCCCTAGTTGATATTACAACGGCGTAAAGTGTGGTTAAGGATAAACAAAAATAAAGTCAAATGGCCCCTTGGCCGTCATACGCTTCTAGGCGTCCGAAGCCCTAATACGAAAGTAACTTTAATAAACCCGCCTGACCCCACGAAAGCTGAGAAA"
"ASV000288","GGGGGGAAAACTCGTGCCAGCCACCGCGGTTATACGAGAGGCCCGAGTTGATAAACATCGGCGTAAAGTGTGGTTAGGATTTTTCCCACTAAAGTTAAACACCCCCAGAACTGTTATACGCTCCCGGGGACAGGAAGCCCAGCAGCGAAAGTGACTTTAAACCTCCGACCCCACGACAGCTATGACA"
"ASV000289","CACCGCGGTTATACGGGAGGCCCAAGTTGCTAGGAGTCGGCGTAAAGGGTGGTTAAGAACAAAACTAAAATTAAAGTCGAACATCTTCCGAGCTGTTATACGCATCCGAAGGTAAGAAGCTCAAATGCGAAAGTAGCTTTATATCTCCTGAATCCACGAAAGCTGAGATA"
"ASV000290","CACCGCGGTTAGACGAGAGGCCCTAGTTGATATTACAACGGCGTAAAGGGTGGTTAAGTATAAACAAAAATAAAGTCAAATGGCCCCTTGGCCGTCATACGCTTCTAGGCGTCCGAAGCCCTAATACGAAAGTAACTTTAATAAACCCGCCTGACCCCACGAAAGCTGAGAAA"
"ASV000291","CACCGCGGTTAGACGAGAGGCCCTAGTTGATATTACAACGGCATAAAGGGTGGTTAAGGATAAACAAAAATAAAGTCAAATGGCCCCTTGGCCGTCATACGCTTCTAGGCGTCCGAAGCCCTAATACGAAAGTAACTTTAATAAACCCACCTGACCCCACGAAAGCTGAGAAA"
"ASV000292","CACCGCGGTTATACGAGAGACCCAAGTTGTTAGCCAACAGCGTAAAGGGTGGTTAGAACTATAAACAACAAACTGAGACCGAACACCTTCAAGGCTGTTATACGCTTCCGAAGCAACGAAGAACAATAACGAAAGTAGCCTCACTAACTCGAACCCACGAAAGCTAGGACA"
"ASV000293","CACCGCGGTTAGACGAGAGGCCCTAGTTGATATTACAACGGCGTAAAGGGTGGTTAAGGATAAACAAAAATAAAGTCAAATGGCCCCTTGGCCGTCATACGCTTCTAGGCGTCCGAAGCCCTAATACGAAAGTAACTTTAATAAACCCACCCGACCCCACGAAAGCTGAGAAA"
"ASV000294","CACCGCGGTTATACGGGAGGCGCAAGTTGCTAGGAGTCGGCGTAAAGGGTGGTTAAGAACAAAACTAAAATTAAAGTCGAACATCTTCCGAGCTGTTATACGCATCCGAAGGTAAGAAGCTCAAATGCGAAAGTAGCTTTATATCTTCTGAATCCACGAAAGCTGAGATA"
"ASV000295","CACCGCGGTTATACGAGAGGCCCAAGCTGACAGCCCTTCGGCGTAAAGCGTGGTTAGAATAGAAAGATAAATTAAAGCCGAATGCTCCCTAAGCTGTTATACGCTCTCGAGAGCTAGAAGATCTTTTACGAAAGTAGCTTTATTACATCGAATCCACGAAAGCTAAGATA"
"ASV000296","CACCGCGGTTAGACGAGAGGCCCTAGTTGATATTACAACGGCGTAAAGGGTGGTTAAGGATAAACAAAAATAAAGTCAAATGGCCCCTTGGCCGTCATACGCTTCTAGGCGTCCGAAGCCCCAATACGAAAGTAACTTTAATAAACCCACCTGACCCCACGAAAGCTGAGAAA"
"ASV000297","CACCGCGGTTATACGAGAGGCCCAAGCCGACAGCCCTTCGGCGTAAAGCGTGGTTAGAATAGAAAGATAAATTAAAGCCGAATGCTCCCTAAGCTGTTATACGCTCTCGAGAGCTAGAAGATCTTTTACGAAAGTAGCTTTATTACATTGAATCCACGAAAGCTAAGATA"
"ASV000298","CACCGCGGTCACACGATTAACCCAAGTCAATAGAAGCCGGCGTAAAGAGTGTTTTAAATCACCCCCTTCCCAATAAAGCTAAAACTCACCTGAGTTGTAAAAAACTCCAGTTGACACAAAATAGACTACGAAAGTGGCTTTAACATATCTGAACACACAATAGCTAAGACC"
"ASV000299","CACCGCGGTTATACGAGAGGCCCAAGTTGACAAACCCCGGCGTAAAGAGTGGTTAAGAAAAATTTAAAACTAAAGCCGAATGCCCTCAAAGCTGTTATACGCACCCGAAGGTAAGAAGCCCAATCACGAAAGTGGCTTTACGTTTCCTGAACCCACGAAAGCTATGAAA"
"ASV000300","CACCGCGGTTATACGAGAGACCCAAGTTGTTAGCCAACTGCGTAAAGGGTGGTTAGAACTATAAACAACAAACTGAGACCGAACACCTTCAAGGCTGTTATACGCTTCCGAAGCAACGAAGAACAATAACGAAAGTAGCCTCACTAACTCGAACCCACGAAAGCTAGGGCA"
"ASV000301","CACCGCGGTTATACGAGAGGCCCAAGCTGACAGCCCTTCGGCGTAAAGCGTGGTTAGAATAGAAAGATAAATTAAAGCCGAATGCTCCCTAAGCTGTTATACGCTCTCGAGAGCTAGAAGATCTTTTACGAAAGTAGCTTTATTGCATTGAATCCACGAAAGCTAAGATA"
"ASV000302","CACCGCGGTTAGACGAGAGGCCCTAGTTGATATTGCAACGGCGTAAAGGGTGGTTAAGGATAAACAAAAATAAAGTCAAATGGCCCCTTGGCCGTCATACGCTTCTAGGCGTCCGAAGCCCTAATACGAAAGTAACTTTAATAAACCCACCTGACCCCACGAAAGCTGAGAAA"
"ASV000303","CACCGCGGTTATACGGGAGGCCCAAGTTGCTAGGAGTCGGCGTAAAGGGTGGTTAAGAACAAAACTAAAATTAAAGTCGAACATCTTCCGAGCTGTTATACGCATCCGAAGGTAAGAAGCTCAAATGCGAAAGTAGCTTCATATCTTCTGAATCCACGAAAGCTGAGATA"
"ASV000304","CACCGCGGTTATACGAGAGACCCAAGTTGTTAGCCAACGGCGTAAAGGGTTGTTAGAACTATAAACAACAAACTGAGACCGAACACCTTCAAGGCTGTTATACGCTTCCGAAGCAACGAAGAACAATAACGAAAGTAGCCTCACTAACTCGAACCCACGAAAGCTAGGGCA"
"ASV000305","CACCGCGGTTAGACGAGGGGCCCTAGTTGATATTACAACGGCGTAAAGGGTGGTTAAGGATAAACAAAAATAAAGTCAAATGGCCCCTTGGCCGTCATACGCTTCTAGGCGTCCGAAGCCCTAATACGAAAGTAACTTTAATAAACCCACCTGACCCCACGAAAGCTGAGAAA"
"ASV000306","CACCGCGGTTATACGAGAGGCCCAAGCTGACAGCCCTTCGACGTAAAGCGTGGTTAGAATAGAAAGATAAATTAAAGCCGAATGCTCCCTAAGCTGTTATACGCTCTCGAGAGCTAGAAGATCTTTTACGAAAGTAGCTTTATTACATTGAATCCACGAAAGCTAAGATA"
"ASV000307","CACCGCGGTCATACGATTAACACTGATTAATAAACCCCGGCGTAAAGAGTATTAAAGATACAATAAAAATAAGATTAAATTTCATCTGGGTCGTAAAAAACTATAGATAAAAATAAAATCGATAACGAAGGTAATCTTAATATATCAGAATATACTAAAGCTAAGACA"
"ASV000308","CACCGCGGTTAGACTAGAGGCCCTAGTTGATATTACAACGGCGTAAAGGGTGGTTAAGGATAAACAAAAATAAAGTCAAATGGCCCCTTGGCCGTCATACGCTTCTAGGCGTCCGAAGCCCTAATACGAAAGTAACTTTAATAAACCCGCCTGACCCCACGAAAGCTGAGAAA"
"ASV000309","CACCGCGGTTAGACGAGAGGCCCTAGTTGATATTACAACGGCGTAAAGGGTGGTTAAGGATAAACAAAAATAAAGTCAAATGGCCCCTTGGCCGTCATACGCTTCTAGGCGTCCGAAGCCCTAATACGAAAGTAACTTTAATAAACCCACCTGACCCCACGAAAGCCGAGAAA"
"ASV000310","CACCGCGGTTAGACGAGAGACCCTAGTTGATATTACAACGGCGTAAAGGGTGGTTAAGGATAAACAAAAATAAAGTCAAATGGCCCCTTGGCCGTCATACGCTTCTAGGCGTCCGAAGCCCTAATACGAAAGTAACTTTAATAAACCCACCTGACCCCACGAAAGCTGAGAAA"
"ASV000311","CACCGCGGTTATACGAGAGACTCAAGCTGATAGACACCGGCGTAAAGAGTGGTTAAAAAACAGTAAAACTAAAGCTAAACACCTTCAAGGCCGTTATACGCAACCGAAGACAGGAGAAACCCCCACGAAAGTGGCTTTAAAACCATTGAACCCACGAAGATTAGGATA"
"ASV000312","CACCGCGGTCACACGATTAACCCAAGTCAATAGAAGCCGGCGTAAAGAGTGTTTTAAATCACCCCCTCCCCAATAAAGCTAAAACTCACCTGAGTTGTAAAAAACTCCAGTTGACACAAAATAGACTACGAAAGTGGCTTTAACATATCTGAACACACAATAGCTAAGACC"
"ASV000313","CACCGCGGTTGTACGGGAGGCCCAAGTTGCTAGGAGTCGGCGTAAAGGGTGGTTAAGAACAAAACTAAAATTAAAGTCGAACATCTTCCGAGCTGTTATACGCATCCGAAGGTAAGAAGCTCAAATGCGAAAGTAGCTTTATATCTTCTGAATCCACGAAAGCTGAGATA"
"ASV000314","CACCGCGGTTATACGAGAGACCCAAGTTGTTAGCCAACGGCGTAAAGTGTGGTTAGAACTATAAACAACAAACTGAGACCGAACACCTTCAAGGCTGTTATACGCTTCCGAAGCAACGAAGAACAATAACGAAAGTAGCCTCACTAACTCGAACCCACGAAAGCTAGGGCA"
"ASV000315","CACCGCGGTTAGACGAGAGGCCCTAGTTGATATTACAACGGCGTGAAGGGTGGTTAAGGATAAACAAAAATAAAGTCAAATGGCCCCTTGGCCGTCATACGCTTCTAGGCGTCCGAAGCCCTAATACGAAAGTAACTTTAATAAACCCACCTGACCCCACGAAAGCTGAGAAA"
"ASV000316","CACCGCGGTTATACGAGAGGCCCGAGTTGATAAACATCGGCGTAAAGTGTGGTTAGGATTTTTCCCACTAAAGTTAAACACCCCCAGAACTGTTATACGCTCCCGGGGACAGGAAGCCCAGCAGCGAAAGTGACTTTAAACCTCCGACCCCACGACAGCTATGACACAAACTGGGCCCCACTATG"
"ASV000317","CACCGCGGTTACACGAGAGACCCAAGTCGATGGCCCTCGGCGTAAAGAGTGGTTAGGAGACATCCCAAAACTAAAGGTGAATAACTTCAAAGCTGTTATACGCTCATGAAGTCAAGAAACTCAACTACGAAAGTGACTTTATGGATTCTGAACCCACGAAAGCTATGGCA"
"ASV000318","CACCGCGGTTATACGAGAGGCCCAAGCTGACAGCCCTTCGGCGTAAAGCGTGGTTAGAATAGAAAGATAAATTAAAGCCGAATGCTCCCTAAGCTGTTATACGCTCTCGAGAGCTAGAAGATCTTTTACGAAAGTGGCTTTATTACATTGAATCCACGAAAGCTAAGATA"
"ASV000319","CACCGCGGTTATACGAGAGGCCCAAGTTGAGAGACATCGGCGTAAAGAGTGGTTAAGTTAGAACTTAAACTAAAGCCGAACGTCCTCAAGGCTGTTATACGCACCCGAAGATGAGAAGTTCAACCACGAAGGTGGCTTTATTTAACCTGAACCCACGAAAGCTATGGCA"
"ASV000320","CACCGCGGTTATACGGCAGGCCCAAGTTGCTAGGAGTCGGCGTAAAGGGTGGTTAAGAACAAAACTAAAATTAAAGTCGAACATCTTCCGAGCTGTTATACGCATCCGAAGGTAAGAAGCTCAAATGCGAAAGTAGCTTTATATCTTCTGAATCCACGAAAGCTGAGATA"
"ASV000321","CACCGCGGTTATACGAGAGGCCCAAGCTGACAGCCCTTCGGCGTAAAGCGTGGTTAGAATAGAAAGATAAATTAAAGCCGAATGCTCCCTAAGCTGTTATACGCTCTCGAGAGCCAGAAGATCTTTTACGAAAGTAGCTTTATTACATTGAATCCACGAAAGCTAAGATA"
"ASV000322","CACCGCGGTTATACGAGAGGCCCAAGCTGACAGCCCTTCGGCGTAAAGCGTGGTTAGAATAGAAAGATAAATTAAAGCCGAATGCCCCCTAAGCTGTTATACGCTCTCGAGAGCTAGAAGATCTTTTACGAAAGTAGCTTTATTACATTGAATCCACGAAAGCTAAGATA"
"ASV000323","CACCGCGGTTAGACGAGAGGCCCTAGTTGATATTACAACGGCGTAAAGGGTGGTTAATGATAAACAAAAATAAAGTCAAATGGCCCCTTGGCCGTCATACGCTTCTAGGCGTCCGAAGCCCTAATACGAAAGTAACTTTAATAAACCCGCCTGACCCCACGAAAGCTGAGAAA"
"ASV000324","GGGGGGAAAACTCGTGCCAGCCACCGCGGTTATACGAGAGGCCCAAGTTGAAAGACATCGGCGTAAAGAGTGGTTAAGTTAGAACTTAAACTAAAGCCGAACGTCCTCAAGGCTGTTATACGCACCCGAAGATGAGAAGTTCAACCACGAAGGTGGCTTTATTTAACCTGAACCCACGAAAGCTATGGCA"
"ASV000325","TCGAAACTTCTATTGCGGAGCGCCGGCATTTCATGATGCCCGAGGAGGAGCAGACCTTCGTAGCAGGCAACGTTCAGCTCGTGGGCGAAGCCATCTCGAACCAAGCTGACTTCGAGGTGATCCGGCAAATGCTTATGCATCCCAACGAGGCCACGCTGGAGGA"
"ASV000326","CACCGCGGTTATACGAGAGACCCTAGTTGAGGGTTTCGACGTAAAGAGTGGTTATGCTGGCGTATCATTTAAAGCAGAATGAGTGCGCCACTGTTATACGGCGCCGATAAATCGAATACCGTTGACGAAAGTGACTTTACAGGGGCCACCTGGAAGCAACGAAAGCTGGGACA"
"ASV000327","CACCGCGGTTAGACGAGAGGCCCTAGTTGATATTACAACGGCGTAAATGGTGGTTAAGGATAAACAAAAATAAAGTCAAATGGCCCCTTGGCCGTCATACGCTTCTAGGCGTCCGAAGCCCTAATACGAAAGTAACTTTAATAAACCCGCCTGACCCCACGAAAGCTGAGAAA"
"ASV000328","CACCGCGGTTAGACGAGATGCCCTAGTTGATATTACAACGGCGTAAAGGGTGGTTAAGGATAAACAAAAATAAAGTCAAATGGCCCCTTGGCCGTCATACGCTTCTAGGCGTCCGAAGCCCTAATACGAAAGTAACTTTAATAAACCCGCCTGACCCCACGAAAGCTGAGAAA"
"ASV000329","CTCTATAAAACTCGTGCCAGCCACCGCGGTTATACGAGAGGCCCGAGTTGATAAACATCGGCGTAAAGTGTGGTTAGGATTTTTCCCACTAAAGTTAAACACCCCCAGAACTGTTATACGCTCCCGGGGACAGGAAGCCCAGCAGCGAAAGTGACTTTAAACCTCCGACCCCACGACAGCTATGACA"
"ASV000330","CACCGCGGTTAGGCGAGAGGCCCTAGTTGATATTACAACGGCGTAAAGGGTGGTTAAGGATAAACAAAAATAAAGTCAAATGGCCCCTTGGCCGTCATACGCTTCTAGGCGTCCGAAGCCCTAATACGAAAGTAACTTTAATAAACCCACCTGACCCCACGAAAGCTGAGAAA"
"ASV000331","GGGGGGAAAACTCGTGCCAGCCACCGCGGTTATACGAGAGGCCCAAGTTGATAGTATTCGGCGTAAAGAGTGGTTAAACTAGACTTAAGCTAAAGCCGAACTCCCTCATGGCTGTTATACGCACCCGAGGGTAAGAAGCCCCTCCACGAAAGTGGCTTTAATAATTTTGATCCCACGAAAGCTGAGAAA"
"ASV000332","CACCGCGGTTGGACGAGAGGCCCTAGTTGATATTACAACGGCGTAAAGGGTGGTTAAGGATAAACAAAAATAAAGTCAAATGGCCCCTTGGCCGTCATACGCTTCTAGGCGTCCGAAGCCCTAATACGAAAGTAACTTTAATAAACCCACCTGACCCCACGAAAGCTGAGAAA"
"ASV000333","CACCGCGGTTATACGAGTGGCCCAAGTTGAAAGTTGCCGGCGTAAAGAGTGGTTAGGGAAACAAAAAACTAAAGCCGAACACCCTCCAGGCCGTTATACGCTTCTGAGGGCACGAAGCTCCACTACGAAAGTGGCTTTAACACACCTGAACCCACGACAACTAAGATA"
"ASV000334","CACCGCGGTTATACGACAGGCCCAAGTTGACGTACTACGGCGTAAAGAGTGGTTACGTGTCGCACCTGGTAAAGCCGAGGCCCCTCTAGGCTGTTATACGAGACAGAATCGGCGAAGCTCGCGCACGAAAGTAGCTTTAGCGGAGATATGCGAACCCACGAAAGCTAAGAAA"
"ASV000335","CACCGCGGTTATACGAGAGGCCCAAGTTGATAGTATTCGGCGTAAAGAGTGGTTAAACTAGACTTAAGCTAAAGCCGAACTCCCTCATGGCTGTTATACGCACCCGAGGGTAGGAAGCCCCTCCACGAAAGTGGCTTTAATAATTTTGATCCCACGAAAGCTGAGAAA"
"ASV000336","CACCGCGGTTATACGACAGGCCCAAGTTGACTGGTGTCGGCGTAAAGAGTGGTTAACTAACGATCATTATAAAGCCGAAATTCCCCTAAGCTGTTATACGTCAAATCAAAAGGGAATCGCTGGTACGAAAGTAGCTTTAGTTATGATGCATGAACCCACGAAAGCTAAGAAA"
"ASV000337","CTCCATAAAACTCGTGCCAGCCACCGCGGTTATACGAGGGGCTCAAATTGAGTTGTGGCGGCGTAAAGCGTGATTATTGACCTCATCTCGTAAAGCCAAATTTCCGCGTAGCTGTCATACGAAGTACCGGCTGGGGAAACTCAGGGACGAAAGTGGCTTTAGGTAGGAGGAACCCACGACAGTTGAGAAA"
"ASV000338","CACCGCGGCTAGACGAGAGGCCCTAGTTGATATTACAACGGCGTAAAGGGTGGTTAAGGATAAACAAAAATAAAGTCAAATGGCCCCTTGGCCGTCATACGCTTCTAGGCGTCCGAAGCCCTAATACGAAAGTAACTTTAATAAACCCACCTGACCCCACGAAAGCTGAGAAA"
"ASV000339","CGCGGTAAGACGGGAGGCCCAAGTTGCTAGGAGTCGGCGTAAAGGGTGGTTAAGAACAAAACTAAAATTAAAGTCGAACATCTTCCGAGCTGTTATACGCATCCGAAGGTAAGAAGCTCAAATGCGAAAGTAGCTTTATATCTTCTGAATCCACGAAAGCTGAGATA"
"ASV000340","CACCGCGGTTAGACGAGAGGCCCTAGTTGATATTATAACGGCGTAAAGGGTGGTTAAGGATAAACAAAAATAAAGTCAAATGGCCCCTTGGCCGTCATACGCTTCTAGGAGTCCGAAGCCCCAATACGAAAGTAACTTTAATAAACCTACCTGACCCCACGAAAGCTGAGAAA"
"ASV000341","GGGGGGAAAACTCGTGCCAGCCACCGCGGTTATACGAGAGGCCCAAGTTGATAGACCTTCGGCGTAAAGTGTGGTTAGAACAACAAGGAACTAAAGCCAAACGCTCTCAAAACTGTTATACGCGCTTGAGAGTCAGAAGCCCCACCACGAAAGTGGCTTTACATCATTGAACCCACGAAAGCTAAGACA"
"ASV000342","CACCGCGGTTAGACGACAGGCCCTAGTTGAGCCACACCAGGCGTAAAGGGTGGTTAGGACGGGCGACGTTTAAAGTCAAAGAAGCTCCATGCCGTTATACGATGGTTAGTTCCGGAACGGCAGGAACGAAAGTAACTTTATAAGTGTATGCCGAACCCACGAAAGCTGAGAAA"
"ASV000343","CACCGCGGTTATACGACAGGCCCAAGTTGATATCCCACGGCGTAAAGAGTGGTTAGAACCGGAAACGCGTAAAGCCGAAGAACATCAGTGCTGTTATACGCATTCGATTAGGTGAATTTCAGTAACGAAAGTAGCTTTACCGATCAAATCCGAACCCGCGAAAGCTAAGAAA"
"ASV000344","CTCCGTATAACTCGTGCCAGCCACCGCGGTTATACGGGAGACCCAAGTTGACAAACGTCGGCGTAAAATGTGGTTTATACAGTATTGCACTAAAGCTAAACTTCTTCAAGGCTGTTATACGCATTCGAAAGAAAGAGAATCTTCAACGAAAGTGGCTTTAAACATTATGAACCCACGAAAGCTAGGAAA"
"ASV000345","CACCGCGGTTATACGACAGGCCCAAGTTGACTTAGCCCGGCGTAAAGAGTGGTTATTTGAATTAAGATCTAAAGCCGAATTTCGACGCAGCTGTTATACGGGTTCTGGATTCAGAATGCCCGATACGAAAGTAGCTTTACCAGTGCGATTGGAACCCACGAAAGCTAAGAAA"
"ASV000346","CACCGCGGTTAGACGAGAGGCCCTAGTTGATATCACAACGGCGTAAAGGGTGGTTAAGGATAAACAAAAATAAAGTCAAATGGCCCCTTGGCCGTCATACGCTTCTAGGCGTCCGAAGCCCTAATACGAAAGTAACTTTAATAAACCCACCTGACCCCACGAAAGCTGAGAAA"
"ASV000347","GTCGGTAAACGTGCCAGCCACCGCGGTTATACGAGGGGCCCAAGTTGATAGGGTTCGGCGTAAAGGGTGGTTAATAGAACATATACTAAAGCCGAACGCCTTCGGAGCTGTTATAAGCTTCTGGAGAAAGGAAGCCCTTCCACGAAAGTGCCTTTAAACACTATGACCCCACGAAAGCTAGGGCA"
"ASV000348","CTCAATAAAACTCGTGCCAGCCACCGCGGTTATACGAGAGGCCCAAGTTGATAAGGTACGGCGTAAAGAGTGGTTAAGATTAGCTAAATACTAAAGCCGAATGCCCTCAAAGCTGTTATACGCCCCCGAAGGTAAGAAGACCAACCACGAAAGTGACTTTACATTACTGAACCCACGAAAGCTAGGTTA"
"ASV000349","CACCGCGGTTATACGAGAGGCCCAAGTTGATAGACCTTCGGCGTAAAGTGTGGTTAGAACAACAAGGAACTAAAGCCAAACGCTCTCAAAACTGTTATACGCGCTTGAGAGTCAGAAGCCCCACCACGAAAGTGGCTTTACATCATTGAACCCACGAAAGCTAAGACACAAACTGGGATTCCCACTATG"
"ASV000350","CACCGCGGTTAGACGAGAGGCCCTAGTTGATATTACAACGGCGTGAAGGGTGGTTAAGGATAAACAAAAATAAAGTCAAATGGCCCCTTGGCCGTCATACGCTTCTAGGCGTCCGAAGCCCTAATACGAAAGTAACTTTAATAAACCCGCCTGACCCCACGAAAGCTGAGAAA"
"ASV000351","CACCGCGGTTAGACGAGAGGCCCTAGTTGATATTACAACGGCATAAAGGGTGGTTAAGGATAAACAAAAATAAAGTCAAATGGCCCCTTGGCCGTCATACGCTTCTAGGCGTCCGAAGCCCTAATACGAAAGTAACTTTAATAAACCCGCCTGACCCCACGAAAGCTGAGAAA"
"ASV000352","CTCCATAAAACTCGTGCCAGCCACCGCGGTTATACGAGAGGCTCAAGTTGATGAACCCCGGCGTAAAGAGTGGTTAAGAGAGATCAAAACTAAAGCCGAATGCTTTCAAAGCTGTTATACGCTTCCGAAAGTAAGAAGCCCAATCACGAAAGTGGCTTTACTTTACCTGACCCCACGAAAGCTACGACA"
"ASV000353","CACCGCGGTTATACGAGGGACCCTAGTTGATTTAATCGGCGTAAAGAGTGGTTATGGAGAATAAGAAACTAAAGCCGAAGACCTCTTAGGCCGTCATACGTACCTAGAGGCTCGAATAACAAACACGAAAGTAGCTTTACCCCTTCCTGCCAGAACCCACGAGAGCTGGGATA"
"ASV000354","CACCGCGGTTATACGAGAGACCCTAGTTGATTGAAGCGGCGTAAAGAGTGGTTATGGAATTTTCTACCCTAAAGCAGAAAACCTCTCAAACTGTTATACGCACCCAGAGGTTGAAACCCCTTACACGAAAGTGACTTTATTTTAGCCTACCAGAAGCCACGAAAGCTGGGACA"
"ASV000355","CACCGCGGTTAGACGAGAGGCCCTAGTTGATATTGCAACGGCGTAAAGGGTGGTTAAGGATAAACAAAAATAAAGTCAAATGGCCCCTTGGCCGTCATACGCTTCTAGGCGTCCGAAGCCCTAATACGAAAGTAACTTTAATAAACCCGCCTGACCCCACGAAAGCTGAGAAA"
"ASV000356","GGTCAACGCCAAAAAATGCACGTTAAACGATGCCTAGTTTAGTTTGTTAGTTTTGATTGCTATACTTTCATCACCTCTCTTTTGGAAACCTCCATTACGAAATAACTTTTTCTGAGGAATTTTTATTTACATATTATTACACGTAACTACT"
"ASV000357","CACCGCGGTTATACGAGAGACCCAAGTTGTTGGCCAACGGCGTAAAGGGTGGTTAGAACTATAAACAACAAACTGAGACCGAACACCTTCAAGGCTGTTATACGCTTCCGAAGCAACGAAGAACAATAACGAAAGTAGCCTCACTAACTCGAACCCACGAAAGCTAGGGCA"
"ASV000358","CACCGCGGTTATACGAGAGACCCAAGTTGTTGGCCAACGGCGTAAAGGGTGGTTAGAACTATAAACAACAAACTGAGACCGAACACCTTCAAGGCTGTTATACGCTTCCGAAGCAACGAAGAACAATAACGAAAGTAGCCTCACTTACTCGAACCCACGAAAGCTAGGGCA"
"ASV000359","CACCGCGGTTGGACGAGAGGCCCTAGTTGATATTACAACGGCGTAAAGGGTGGTTAAGGATAAACAAAAATAAAGTCAAATGGCCCCTTGGCCGTCATACGCTTCTAGGCGTCCGAAGCCCTAATACGAAAGTAACTTTAATAAACCCGCCTGACCCCACGAAAGCTGAGAAA"
"ASV000360","CACCGCGGTTAGACGAGAGGCCCTAGTTGATATCACAACGGCGTAAAGGGTGGTTAAGGATAAACAAAAATAAAGTCAAATGGCCCCTTGGCCGTCATACGCTTCTAGGCGTCCGAAGCCCTAATACGAAAGTAACTTTAATAAACCCGCCTGACCCCACGAAAGCTGAGAAA"
"ASV000361","CACCGCGGTTATACGAGAGACCCAAGTCGATGGCCCTCGGCGTAAAGAGTGGTTAGGAGACATCCCAAAACTAAAGGTGAATAACTTCAAAGCTGTTATACGCTCATGAAGTCAAGAAACTCAACTACGAAAGTGACTTTATGGATTCTGAACCCACGAAAGCTATGACACAAACTGGGCCCCACTATG"
"ASV000362","CGCGGTAAGACGGAGGATGCAAGTGTTATCCGGAATCACTGGGCGTAAAGCGTGGTTAGAATAGAAAGATAAATTAAAGCCGAATGCTCCCTAAGCTGTTATACGCTCTCGAGAGCTAGAAGATCTTTTACGAAAGTAGCTTTATTACATTGAATCCACGAAAGCTAAGATA"
"ASV000363","CACCGCGGTTAGACGAGGGGCCCTAGTTGATATTACAACGGCGTAAAGGGTGGTTAAGGATAAACAAAAATAAAGTCAAATGGCCCCTTGGCCGTCATACGCTTCTAGGCGTCCGAAGCCCTAATACGAAAGTAACTTTAATAAACCCGCCTGACCCCACGAAAGCTGAGAAA"
"ASV000364","CACCGCGGTTATACGAGAGACCCAAGTTGTTAGCCAACGGCGTAAAGTGTGGTTAGAACTATAAACAACAAACTGAGACCGAACACCTTCAAGGCTGTTATACGCTTCCGAAGCAACGAAGAACAATAACGAAAGTAGCCTCACTAACTCGAACCCACGAAAGCTAGGACA"
"ASV000365","CACCGCAGTTAGACGAGAGGCCCTAGTTGATATTACAACGGCGTAAAGGGTGGTTAAGGATAAACAAAAATAAAGTCAAATGGCCCCTTGGCCGTCATACGCTTCTAGGCGTCCGAAGCCCTAATACGAAAGTAACTTTAATAAACCCGCCTGACCCCACGAAAGCTGAGAAA"
"ASV000366","CACCGCGGTTATACATAAGGTCCTAGTTAAGAATTAGCGGTAAAAAGGTGATAAAACCAAACCTGGGGACAACACTAACTCTAGCAGTAATAAGCTTACAGAACACTTAGAACAACAAAAACATTAACCCCAGCTTTTATAGACCATCACTAAAGCTCAAAAA"
"ASV000367","CACCGCGGTTATACGAGAGACCCAAGTTGTTAGCCAACGGCGTAAAGGGTTGTTAGAACTATAAACAACAAACTGAGACCGAACACCTTCAAGGCTGTTATACGCTTCCGAAGCAACGAAGAACAATAACGAAAGTAGCCTCACTAACTCGAACCCACGAAAGCTAGGACA"
"ASV000368","CACCGCGGTTAGACGAGAGACCCTAGTTGATATTACAACGGCGTAAAGGGTGGTTAAGGATAAACAAAAATAAAGTCAAATGGCCCCTTGGCCGTCATACGCTTCTAGGCGTCCGAAGCCCTAATACGAAAGTAACTTTAATAAACCCGCCTGACCCCACGAAAGCTGAGAAA"
"ASV000369","CACCGCGGTTAGACGAATGACCCAAGTTGACAGAATACGGCGTAAAGGGTGGTTAGGGAATATTAATACTAAAGCCGAACACCTTCCAAGCTGTTATACGCTTATGAAGAACTGAAGCACAACTACGAAAGTGGCTTTAAAACACCTGAACCCACGAAAGCTAAGAAA"
"ASV000370","CACCGCGGCTAGACGAGAGGCCCTAGTTGATATTACAACGGCGTAAAGGGTGGTTAAGGATAAACAAAAATAAAGTCAAATGGCCCCTTGGCCGTCATACGCTTCTAGGCGTCCGAAGCCCTAATACGAAAGTAACTTTAATAAACCCGCCTGACCCCACGAAAGCTGAGAAA"
"ASV000371","CACCGCGGTTATACGAGAGGCCCAAGTTGATAGTATTCGGCGTAAAGAGTGGTTAAACTAGACTTAAGCTAAAGCCGAACTCCCTCATGGCTGTTATACGCACCCGAGGGTAAGAAGCCCCTCCACGAAAGTGGCTTTAATAATTTTGATCCCACGAAAGCTGAGAAACAAACTGGGATTAGATACTATG"
"ASV000372","CACCGCGGTTAGGCGAGAGGCCCTAGTTGATATTACAACGGCGTAAAGGGTGGTTAAGGATAAACAAAAATAAAGTCAAATGGCCCCTTGGCCGTCATACGCTTCTAGGCGTCCGAAGCCCTAATACGAAAGTAACTTTAATAAACCCGCCTGACCCCACGAAAGCTGAGAAA"
"ASV000373","CACCGCGGTTATACGAGAGACCCAAGTTGTTAGCCAACAGCGTAAAGGGTGGTTAGAACTATAAACAACAAACTGAGACCGAACACCTTCAAGGCTGTTATACGCTTCCGAAGCAACGAAGAACAATAACGAAAGTAGCCTCACTAACTCGAACCCACGAAAGCTAGGGCA"
"ASV000374","TACCGCGGTTATATGAGAGGCCCAAGTTGACAGGCTCCGGTGTAAAGCGTGGTTAAGGAACAATAGACACTAAAGCCGAACGGTTACTGGGCTGTTTTACGCTTCCGAAAGCAAGAAGAACATCTACGAAGGTGGCTTTACCTTACCTGAACTCACGAAAGCCAAGGCA"
"ASV000375","CACCGCGGTTATACGAGAGACCCAAGTTGTTGGCCAACGGCGTAAAGGGTGGTTAGAACTATAAACAACAAACTGAGACCGAACACCTTCAAGGCTGTTATACGCTTCCGAAGCAACGAAGAACAATAACGAAAGTAGCCTCACTAACTCGAACCCACGAAAGCTAGGACA"
"ASV000376","CACCGCGGTTATACGAGAGGCCCAAGTTGACAAATGCCGGCGTAAAATGTGGTCAATATACTAATATACTAAAGCCAAACATCTTCAGGGCTGTTATACGCTATCGGAGACAGGAGATTCTTCCACGAAAGTGACTTTAAATAATATTATTCCACGAAAGTCAGGGAACAAACTGGGATACCCCACTATG"
"ASV000377","CACCGCGGTTATACGAGAGGCCCAAGTTGAGAGACATCGGCGTAAAGAGTGGTTAAGTTAAAACTTAAACTAAAGCCGAACGTCCTCAAGGCTGTTATACGCACCCGAAGATGAGAAGTTCAACCACGAAGGTGGCTTTATTTAACCTGAACCCACGAAAGCTATGGCACAAACTGGGCCACTATG"
"ASV000378","CACCGCGGTTATACGAGGTGCTCAAATTGAGTTGTGGCGGCGTAAAGCGTGATTATTGACCTCATCTCGTAAAGCCAAATTTCCGCGTAGCTGTCATACGAAGTACCGGCTGGGTAAACTCAGGGACGAAAGTGGCTTTAGGTAGGAGGAACCCACGACAGTTGAGAAA"
"ASV000379","GTCGGTAATCGTGCCAGCCACCGCGGTTATACGAGTGGCCCAAGTTGAAAGTTACCGGCGTAAAGAGTGGTTAGGGAAACAAAAAACTAAAGCCGAACACCTTCCAGGCCGTTATACGCTTCTGAGGGCACGAAGCTCCACTACGAAAGTGGCTTTAACACACCTGAACCCACGACAACTAAGGTA"
"ASV000380","CACCGCGGTTATACGAGGGGACCAAGTTGAATATAAACGGCGTAAAGGGTGGTTAAGCCACACCCTACTGGTAAAGCCGAATCTCGCTCACGCTGTTATACGTGAGCCATATCGAGAAAGACTCCAACGAAAGTGGCTTTACCACATTTGAACATACGAAAGCTGGGGCA"
"ASV000381","CACCGCGGTTATACGACAGGCCCAAGTTGACTGGTGTAGGCGTAAAGAGTGGTTAACTAACGATCATTATAAAGCCGAAATTCCCCTAAGCTGTTATACGTCAAATCAAAAAGGAATCTCTGGTACGAAAGTAGCTTTAGTTATGATGCATGAACCCACGAAAGCTAAGAAA"
"ASV000382","CACCGCGGTTAGACGAGAGGCCCTAGTTGATATTACAACGGCATAAAGGGTGGTTAAGGATAAACAAAAATAAAGTCAAATGGCCCCTTGGCCGTCATACGCTTCTAGGCGTCCGAAGCCCTAACACGAAAGTAACTTTAATAAACCCACCTGACCCCACGAAAGCTGAGAAA"
"ASV000383","CACCGCGGTTAGACGAGAGGCCCTAGTTGATATTACAACGGCGTAAATGGTGGTTAAGGATAAACAAAAATAAAGTCAAATGGCCCCTTGGCCGTCATACGCTTCTAGGCGTCCGAAGCCCTAACACGAAAGTAACTTTAATAAACCCACCTGACCCCACGAAAGCTGAGAAA"
"ASV000384","CACCGCGGTTATACGGGAGGCGCAAGTTGCTAGGAGTCGGCGTAAAGGGTGGTTAAGAACAAAACTAAAATTAAAGTCGAACATCTTCCGAGCTGTTATACGCATCCGAAGGTAAGAAGCTCAAATGCGAAAGTAGCTTTATATCTTCTGAATACACGAAAGCTGAGATA"
"ASV000385","CACCGCGGTTATACGAGAGGCCCAAGCTGACAACCCTTCGGCGTAAAGCGTGGTTAGAATAGAAAGATAAATTAAAGCCGAATGCTCCCTAAGCTGTTATACGCTCTCGAGAGCTAGAAGATCTTTTACGAAAGTAGCTTTATTACATTGAGTCCACGAAAGCTAAGATA"
"ASV000386","TACCGCGGTTAAACGAGAGGCCCCAGTTGATAATCCCGCGGCGTAAAGGGTGGTCAAGGGCTGCAACCTAATAAAGCCAAATAGCCCTCCGGCCGTCATACGCTTCCAGGCGCTAGAAACCCAATTACACGAAGGTAGCTTTAGTAATATTCACCTGACTCCACGAAAGCTGAGAAA"
"ASV000387","CACCGCGGTTAAACGAGAGGCCCCAGTTGATAATACAACGGCGTAAAGGGTGGTTAGGGGGTGCAAAACAATAAAGCCAAATGGCCCCTTGGCCGTCATACGCTTCTAGGTGCCCGAAGCCCAATATACGAAAGTAGCTTTAAAAAGCCAACCTGACGCCACGAAAGCTGAGAAA"
"ASV000388","CACCGCTGTTATACGGGAGGCCCAAGTTGCTAGGAGTCGGCGTAAAGGGTGGTTAAGAACAAAACTAAAATTAAAGTCGAACATCTTCCGAGCTGTTATACGCATCCGAAGGTAAGAAGCTCAAATGCGAAAGTAGCTTTATATCTTCCGAATCCACGAAAGCTGAGATA"
"ASV000389","CACCGCTGTTATACGAGAGGCCCAAGCTGACAGCCCTTCGGCGTAAAGCGTGGTTAGAATAGAAAGATAAATTAAAGCCGAATGCTCCCTAAGCTGTTATACGCTCTCGAGAGCTAGAAGATCTTTTACGAAAGTAGCTTTATTACATTTAATCCACGAAAGCTAAGATA"
"ASV000390","CACCGCGGTTAGGCGAGAGGCCCTAGTTGATATTACAACGGCGTAAAGGGTGGTTAAGGATAAACAAAAATAAAGTCAAATGGCCCCTTGGCCGTCATACGCTTCTAGGCGTCCGAAGCCCTAATACGAAAGTAACTTTAATGAACCCACCTGACCCCACGAAAGCTGAGGAA"
"ASV000391","CACCGCGGTTATACGAGGTGCTCAAATTGAGTTGTGGCGGCGTAAAGCGTGATTATTGACCTCATCTCGTAAAGCCAAATTTCCGCGTAGCTGTCATACGAAGTACCGGCTGGGGAAACTCAGGGACGAAAGTGGCTTTAGGTATGAGGAACCCACGACAGTTGAGAAA"
"ASV000392","CACCGCGGTTATACGAGGGGCTCAAATTGAGTTGTGGCGGCGTAAAGCGTTATTATTGACCTCATCTCGTAAAGCCAAATTTCCGCGTAGCTGTCATACGAAGTACCGGCTGGGGAAACTCAGGGACGAAAGTGGCTTTAGGTATGAGGAACCCACGACAGTTGAGAAA"
"ASV000393","CACCGCGGTTAGACGAGAGGCCCTAGTTGATGTTACAACGGCGTAAAGGGTGGTTAAGGATAAACAAAAATAAAGTCAAATGGCCCCTTGGCCGTCATACGCTTCTAGGCGTCCGAAGCCCTAATACGAAAGTAACTTTAATAAACCCACCTGACCCCACGAAAGCCGAGAAA"
"ASV000394","CACCGCGGTTAGACGAGAGGCCCTAGTTGATATTACAACGGCGTAAAGGGTGGTTAAGTATAAACAAAAATAAAGTCAAATGGCCCCTTGGCCGTCATACGCTTCTAGGCGTCCGAAGCCCTAACACGAAAGTAACTTTAATAAACCCACCTGACCCCACGAAAGCTGAGAAA"
"ASV000395","CACCGCGGTTATACGAGGGGCCCAAGTTGAATATAAACGGAGTAAAGGGTGGTTAAGCCACACCCTACTGGTAAAGCCGAATCTCGCTCACGCTGTTATACGTGAGCCATATCGAGAAAGACTCCAACGAAAGTGGCTTTACCACATTTGAACCTACGAAAACTGGGGCA"
"ASV000396","CACCGTGGTTATACGACAGGCCCAAGTTGACTGGTGTCGGCGTAAAGAGTGGTTAACTAACGATCATTATAAAGCCGAAATTCCCCTAAGCTGTTATACGTCAAATCAAAAAGGAATCGCTGGTAAGAAAGTAGCTTTAGTTATGATGCATGAACCCACGAAAGCTAAGAAA"
"ASV000397","CACCGCGGCTAGACGAGAGGCCCTAGTTGATATTACAACGGCGTAAAGGGTGGTTAAGGATAAACAAAAATAAAGTCAAATGGCCCCTTGGCCGTCATACGCTTCTAGGCGTCCGAAGCCCTAACACGAAAGTAACTTTAATAAACCCACCTGACCCCACGAAAGCTGAGAAA"
"ASV000398","CACCGCGGTTAGACGAGAGACCCTAGTTGATATTACAACGGCGTAAAGGGTGGTTAAGGATAAACAAAAATAAAGTCAAATGGCCCCTTGGCCGTCATACGCTTCTAGGCGTCCGAAGCCCTAACACGAAAGTAACTTTAATAAACCCACCTGACCCCACGAAAGCTGAGAAA"
"ASV000399","CACCGCGGTTATACGGGAGGCCCAAGTTGCTAGGAGTCGGCGTAAAGTGTGGTTAAGAACAAAACTAAAATTAAAGTCGAACATCTTCCGAGCTGTTATACGCATCCGAAGGTAAGAAGCTCAAATGCGAAAGTAGCTTCATATCTTCTGAATCCACGAAAGCTGAGATA"
"ASV000400","CTCTATAAAACTCGTGCCAGCCACCGCGGTTATACGAGAGGCCCGAGTTGATAAACATCGGCGTAAAGTGTGGTTAGGATTTTTCCCACTAAAGTTAAACACCCCCAGAACTGTTATACGCTCCCGGGGACAGGAAGCCCAGCAGCGAAAGTGACTTTAAACCTCCGACCCCACGACAGCTATGACT"
"ASV000401","CACCGCGGTTATACGAGAGACCCTAGTTGATTGAAGCAGCGTAAAGAGTGGTTATGGAATTTTCTACCCTAAAGCAGAAAACCTCTCAAACTGTTATACGCACCCAGAGGTTGAAACCCCTTACACGAAAGTGACTTTATTTTCGCCCACCAGAAGCCACGAAAGCTGGGACA"
"ASV000402","CACCGCGGTTATACGGGAGGCCCAAGTTGCTAGGAGTCGGCGTAAAGGGTAGTTAAGAACAAAACTAAAATTAAAGTCGAACATCTTCCGAGCTGTTATACGCATCCGAAGGTAAGAAGCTCAAATGCGAAAGTAGCTTTATATCTTCTGAATACACGAAAGCTGAGATA"
"ASV000403","CACCGCGGTTAGACGAGAGGCCCTAGTTGATGTTACAACGGCGTAAAGGGTGGTTAAGGATAAACAAAAATAAAGTCAAATGGCCCCTTGGCCGTCATACGCTTCTAGGCGTCCGAAGCCCTAACACGAAAGTAACTTTAATAAACCCACCTGACCCCACGAAAGCTGAGAAA"
"ASV000404","CACCGCGGTTATACGAGAGAGCCTAGTTGAGGGTTTCGGCGTAAAGAGTGGTTATGCTGGCGTATCATTTAAAGCAGAATGAGTGCGCCACTGTTATACGGCGCCGATAAATCGAATACAGTTGACGAAAGTGACTTTACAGGGGCCACCTGGAAGCCACGAAAGCTGGGACA"
"ASV000405","CACCGCGGTTATACGACAGGCCCAAGTTGACGTACTATGGCGTAAAGAGTGGTTACGTGTCGCACCTGGTAAAGCCGAAGCCCCTCTAGGCTGTTATACGAGACAGAATCGGCGAAGCTCGCACACGAAAGTAGCTTTAGCGGAGATATGCGAACCCACGAAAGCTAAGAAA"
